checking_account_status,duration,credit_history,purpose,credit_amount,savings,present_employment,installment_rate,personal,other_debtors,present_residence,property,age,other_installment_plans,housing,existing_credits,job,dependents,telephone,foreign_worker,customer_type
011,6,034,043,1169.0,065,075,4.0,093,0101,4.0,0121,67.0,0143,0152,2.0,0173,1,0192,0201,1
012,48,032,043,5951.0,061,073,2.0,092,0101,2.0,0121,22.0,0143,0152,1.0,0173,1,0191,0201,2
014,12,034,046,2096.0,061,074,2.0,093,0101,3.0,0121,49.0,0143,0152,1.0,0172,2,0191,0201,1
011,42,032,042,7882.0,061,074,2.0,093,0103,4.0,0122,45.0,0143,0153,1.0,0173,2,0191,0201,1
011,24,033,040,4870.0,061,073,3.0,093,0101,4.0,0124,53.0,0143,0153,2.0,0173,2,0191,0201,2
014,36,032,046,9055.0,065,073,2.0,093,0101,4.0,0124,35.0,0143,0153,1.0,0172,2,0192,0201,1
014,24,032,042,2835.0,063,075,3.0,093,0101,4.0,0122,53.0,0143,0152,1.0,0173,1,0191,0201,1
012,36,032,041,6948.0,061,073,2.0,093,0101,2.0,0123,35.0,0143,0151,1.0,0174,1,0192,0201,1
014,12,032,043,3059.0,064,074,2.0,091,0101,4.0,0121,61.0,0143,0152,1.0,0172,1,0191,0201,1
012,30,034,040,5234.0,061,071,4.0,094,0101,2.0,0123,28.0,0143,0152,2.0,0174,1,0191,0201,2
012,12,032,040,1295.0,061,072,3.0,092,0101,1.0,0123,25.0,0143,0151,1.0,0173,1,0191,0201,2
011,48,032,049,4308.0,061,072,3.0,092,0101,4.0,0122,24.0,0143,0151,1.0,0173,1,0191,0201,2
012,12,032,043,1567.0,061,073,1.0,092,0101,1.0,0123,22.0,0143,0152,1.0,0173,1,0192,0201,1
011,24,034,040,1199.0,061,075,4.0,093,0101,4.0,0123,60.0,0143,0152,2.0,0172,1,0191,0201,2
011,15,032,040,1403.0,061,073,2.0,092,0101,4.0,0123,28.0,0143,0151,1.0,0173,1,0191,0201,1
011,24,032,043,1282.0,062,073,4.0,092,0101,2.0,0123,32.0,0143,0152,1.0,0172,1,0191,0201,2
014,24,034,043,2424.0,065,075,4.0,093,0101,4.0,0122,53.0,0143,0152,2.0,0173,1,0191,0201,1
011,30,030,049,8072.0,065,072,2.0,093,0101,3.0,0123,25.0,0141,0152,3.0,0173,1,0191,0201,1
012,24,032,041,12579.0,061,075,4.0,092,0101,2.0,0124,44.0,0143,0153,1.0,0174,1,0192,0201,2
014,24,032,043,3430.0,063,075,3.0,093,0101,2.0,0123,31.0,0143,0152,1.0,0173,2,0192,0201,1
014,9,034,040,2134.0,061,073,4.0,093,0101,4.0,0123,48.0,0143,0152,3.0,0173,1,0192,0201,1
011,6,032,043,2647.0,063,073,2.0,093,0101,3.0,0121,44.0,0143,0151,1.0,0173,2,0191,0201,1
011,10,034,040,2241.0,061,072,1.0,093,0101,3.0,0121,48.0,0143,0151,2.0,0172,2,0191,0202,1
012,12,034,041,1804.0,062,072,3.0,093,0101,4.0,0122,44.0,0143,0152,1.0,0173,1,0191,0201,1
014,10,034,042,2069.0,065,073,2.0,094,0101,1.0,0123,26.0,0143,0152,2.0,0173,1,0191,0202,1
011,6,032,042,1374.0,061,073,1.0,093,0101,2.0,0121,36.0,0141,0152,1.0,0172,1,0192,0201,1
014,6,030,043,426.0,061,075,4.0,094,0101,4.0,0123,39.0,0143,0152,1.0,0172,1,0191,0201,1
013,12,031,043,409.0,064,073,3.0,092,0101,3.0,0121,42.0,0143,0151,2.0,0173,1,0191,0201,1
012,7,032,043,2415.0,061,073,3.0,093,0103,2.0,0121,34.0,0143,0152,1.0,0173,1,0191,0201,1
011,60,033,049,6836.0,061,075,3.0,093,0101,4.0,0124,63.0,0143,0152,2.0,0173,1,0192,0201,2
012,18,032,049,1913.0,064,072,3.0,094,0101,3.0,0121,36.0,0141,0152,1.0,0173,1,0192,0201,1
011,24,032,042,4020.0,061,073,2.0,093,0101,2.0,0123,27.0,0142,0152,1.0,0173,1,0191,0201,1
012,18,032,040,5866.0,062,073,2.0,093,0101,2.0,0123,30.0,0143,0152,2.0,0173,1,0192,0201,1
014,12,034,049,1264.0,065,075,4.0,093,0101,4.0,0124,57.0,0143,0151,1.0,0172,1,0191,0201,1
013,12,032,042,1474.0,061,072,4.0,092,0101,1.0,0122,33.0,0141,0152,1.0,0174,1,0192,0201,1
012,45,034,043,4746.0,061,072,4.0,093,0101,2.0,0122,25.0,0143,0152,2.0,0172,1,0191,0201,2
014,48,034,046,6110.0,061,073,1.0,093,0101,3.0,0124,31.0,0141,0153,1.0,0173,1,0192,0201,1
013,18,032,043,2100.0,061,073,4.0,093,0102,2.0,0121,37.0,0142,0152,1.0,0173,1,0191,0201,2
013,10,032,044,1225.0,061,073,2.0,093,0101,2.0,0123,37.0,0143,0152,1.0,0173,1,0192,0201,1
012,9,032,043,458.0,061,073,4.0,093,0101,3.0,0121,24.0,0143,0152,1.0,0173,1,0191,0201,1
014,30,032,043,2333.0,063,075,4.0,093,0101,2.0,0123,30.0,0141,0152,1.0,0174,1,0191,0201,1
012,12,032,043,1158.0,063,073,3.0,091,0101,1.0,0123,26.0,0143,0152,1.0,0173,1,0192,0201,1
012,18,033,045,6204.0,061,073,2.0,093,0101,4.0,0121,44.0,0143,0152,1.0,0172,2,0192,0201,1
011,30,034,041,6187.0,062,074,1.0,094,0101,4.0,0123,24.0,0143,0151,2.0,0173,1,0191,0201,1
011,48,034,041,6143.0,061,075,4.0,092,0101,4.0,0124,58.0,0142,0153,2.0,0172,1,0191,0201,2
014,11,034,040,1393.0,061,072,4.0,092,0101,4.0,0123,35.0,0143,0152,2.0,0174,1,0191,0201,1
014,36,032,043,2299.0,063,075,4.0,093,0101,4.0,0123,39.0,0143,0152,1.0,0173,1,0191,0201,1
011,6,032,041,1352.0,063,071,1.0,092,0101,2.0,0122,23.0,0143,0151,1.0,0171,1,0192,0201,1
014,11,034,040,7228.0,061,073,1.0,093,0101,4.0,0122,39.0,0143,0152,2.0,0172,1,0191,0201,1
014,12,032,043,2073.0,062,073,4.0,092,0102,2.0,0121,28.0,0143,0152,1.0,0173,1,0191,0201,1
012,24,033,042,2333.0,065,072,4.0,093,0101,2.0,0122,29.0,0141,0152,1.0,0172,1,0191,0201,1
012,27,033,041,5965.0,061,075,1.0,093,0101,2.0,0123,30.0,0143,0152,2.0,0174,1,0192,0201,1
014,12,032,043,1262.0,061,073,3.0,093,0101,2.0,0123,25.0,0143,0152,1.0,0173,1,0191,0201,1
014,18,032,041,3378.0,065,073,2.0,093,0101,1.0,0122,31.0,0143,0152,1.0,0173,1,0192,0201,1
012,36,033,040,2225.0,061,075,4.0,093,0101,4.0,0124,57.0,0141,0153,2.0,0173,1,0192,0201,2
014,6,031,040,783.0,065,073,1.0,093,0103,2.0,0121,26.0,0142,0152,1.0,0172,2,0191,0201,1
012,12,032,043,6468.0,065,071,2.0,093,0101,1.0,0124,52.0,0143,0152,1.0,0174,1,0192,0201,2
014,36,034,043,9566.0,061,073,2.0,092,0101,2.0,0123,31.0,0142,0152,2.0,0173,1,0191,0201,1
013,18,032,040,1961.0,061,075,3.0,092,0101,2.0,0123,23.0,0143,0152,1.0,0174,1,0191,0201,1
011,36,034,042,6229.0,061,072,4.0,092,0102,4.0,0124,23.0,0143,0151,2.0,0172,1,0192,0201,2
012,9,032,049,1391.0,061,073,2.0,094,0101,1.0,0121,27.0,0141,0152,1.0,0173,1,0192,0201,1
012,15,034,043,1537.0,065,075,4.0,093,0103,4.0,0121,50.0,0143,0152,2.0,0173,1,0192,0201,1
012,36,030,049,1953.0,061,075,4.0,093,0101,4.0,0124,61.0,0143,0153,1.0,0174,1,0192,0201,2
012,48,030,049,14421.0,061,073,2.0,093,0101,2.0,0123,25.0,0143,0152,1.0,0173,1,0192,0201,2
014,24,032,043,3181.0,061,072,4.0,092,0101,4.0,0122,26.0,0143,0152,1.0,0173,1,0192,0201,1
014,27,032,045,5190.0,065,075,4.0,093,0101,4.0,0122,48.0,0143,0152,4.0,0173,2,0192,0201,1
014,12,032,043,2171.0,061,072,2.0,092,0101,2.0,0123,29.0,0141,0152,1.0,0173,1,0191,0201,1
012,12,032,040,1007.0,064,073,4.0,094,0101,1.0,0121,22.0,0143,0152,1.0,0173,1,0191,0201,1
014,36,032,046,1819.0,061,073,4.0,093,0101,4.0,0124,37.0,0142,0153,1.0,0173,1,0192,0201,2
014,36,032,043,2394.0,065,073,4.0,092,0101,4.0,0123,25.0,0143,0152,1.0,0173,1,0191,0201,1
014,36,032,041,8133.0,061,073,1.0,092,0101,2.0,0122,30.0,0141,0152,1.0,0173,1,0191,0201,1
014,7,034,043,730.0,065,075,4.0,093,0101,2.0,0122,46.0,0143,0151,2.0,0172,1,0192,0201,1
011,8,034,0410,1164.0,061,075,3.0,093,0101,4.0,0124,51.0,0141,0153,2.0,0174,2,0192,0201,1
012,42,034,049,5954.0,061,074,2.0,092,0101,1.0,0121,41.0,0141,0152,2.0,0172,1,0191,0201,1
011,36,032,046,1977.0,065,075,4.0,093,0101,4.0,0124,40.0,0143,0152,1.0,0174,1,0192,0201,2
011,12,034,041,1526.0,061,075,4.0,093,0101,4.0,0124,66.0,0143,0153,2.0,0174,1,0191,0201,1
011,42,032,043,3965.0,061,072,4.0,093,0101,3.0,0123,34.0,0143,0152,1.0,0173,1,0191,0201,2
012,11,033,043,4771.0,061,074,2.0,093,0101,4.0,0122,51.0,0143,0152,1.0,0173,1,0191,0201,1
014,54,030,041,9436.0,065,073,2.0,093,0101,2.0,0122,39.0,0143,0152,1.0,0172,2,0191,0201,1
012,30,032,042,3832.0,061,072,2.0,094,0101,1.0,0122,22.0,0143,0152,1.0,0173,1,0191,0201,1
014,24,032,043,5943.0,065,072,1.0,092,0101,1.0,0123,44.0,0143,0152,2.0,0173,1,0192,0201,2
014,15,032,043,1213.0,063,075,4.0,093,0101,3.0,0122,47.0,0142,0152,1.0,0173,1,0192,0201,1
014,18,032,049,1568.0,062,073,3.0,092,0101,4.0,0122,24.0,0143,0151,1.0,0172,1,0191,0201,1
011,24,032,0410,1755.0,061,075,4.0,092,0103,4.0,0121,58.0,0143,0152,1.0,0172,1,0192,0201,1
011,10,032,043,2315.0,061,075,3.0,093,0101,4.0,0121,52.0,0143,0152,1.0,0172,1,0191,0201,1
014,12,034,049,1412.0,061,073,4.0,092,0103,2.0,0121,29.0,0143,0152,2.0,0174,1,0192,0201,1
012,18,034,042,1295.0,061,072,4.0,092,0101,1.0,0122,27.0,0143,0152,2.0,0173,1,0191,0201,1
012,36,032,046,12612.0,062,073,1.0,093,0101,4.0,0124,47.0,0143,0153,1.0,0173,2,0192,0201,2
011,18,032,040,2249.0,062,074,4.0,093,0101,3.0,0123,30.0,0143,0152,1.0,0174,2,0192,0201,1
011,12,030,045,1108.0,061,074,4.0,093,0101,3.0,0121,28.0,0143,0152,2.0,0173,1,0191,0201,2
014,12,034,043,618.0,061,075,4.0,093,0101,4.0,0121,56.0,0143,0152,1.0,0173,1,0191,0201,1
011,12,034,041,1409.0,061,075,4.0,093,0101,3.0,0121,54.0,0143,0152,1.0,0173,1,0191,0201,1
014,12,034,043,797.0,065,075,4.0,092,0101,3.0,0122,33.0,0141,0152,1.0,0172,2,0191,0201,2
013,24,034,042,3617.0,065,075,4.0,093,0102,4.0,0124,20.0,0143,0151,2.0,0173,1,0191,0201,1
012,12,032,040,1318.0,064,075,4.0,093,0101,4.0,0121,54.0,0143,0152,1.0,0173,1,0192,0201,1
012,54,030,049,15945.0,061,072,3.0,093,0101,4.0,0124,58.0,0143,0151,1.0,0173,1,0192,0201,2
014,12,034,046,2012.0,065,074,4.0,092,0101,2.0,0123,61.0,0143,0152,1.0,0173,1,0191,0201,1
012,18,032,049,2622.0,062,073,4.0,093,0101,4.0,0123,34.0,0143,0152,1.0,0173,1,0191,0201,1
012,36,034,043,2337.0,061,075,4.0,093,0101,4.0,0121,36.0,0143,0152,1.0,0173,1,0191,0201,1
012,20,033,041,7057.0,065,074,3.0,093,0101,4.0,0122,36.0,0141,0151,2.0,0174,2,0192,0201,1
014,24,032,040,1469.0,062,075,4.0,094,0101,4.0,0121,41.0,0143,0151,1.0,0172,1,0191,0201,1
012,36,032,043,2323.0,061,074,4.0,093,0101,4.0,0123,24.0,0143,0151,1.0,0173,1,0191,0201,1
014,6,033,043,932.0,061,073,3.0,092,0101,2.0,0121,24.0,0143,0152,1.0,0173,1,0191,0201,1
012,9,034,042,1919.0,061,074,4.0,093,0101,3.0,0123,35.0,0143,0151,1.0,0173,1,0192,0201,1
014,12,032,041,2445.0,065,072,2.0,094,0101,4.0,0123,26.0,0143,0151,1.0,0173,1,0192,0201,1
012,24,034,0410,11938.0,061,073,2.0,093,0102,3.0,0123,39.0,0143,0152,2.0,0174,2,0192,0201,2
014,18,031,040,6458.0,061,075,2.0,093,0101,4.0,0124,39.0,0141,0152,2.0,0174,2,0192,0201,2
012,12,032,040,6078.0,061,074,2.0,093,0101,2.0,0123,32.0,0143,0152,1.0,0173,1,0191,0201,1
011,24,032,042,7721.0,065,072,1.0,092,0101,2.0,0122,30.0,0143,0152,1.0,0173,1,0192,0202,1
012,14,032,049,1410.0,063,075,1.0,094,0101,2.0,0121,35.0,0143,0152,1.0,0173,1,0192,0201,1
012,6,033,049,1449.0,062,075,1.0,091,0101,2.0,0123,31.0,0141,0152,2.0,0173,2,0191,0201,1
013,15,032,046,392.0,061,072,4.0,092,0101,4.0,0122,23.0,0143,0151,1.0,0173,1,0192,0201,1
012,18,032,040,6260.0,061,074,3.0,093,0101,3.0,0121,28.0,0143,0151,1.0,0172,1,0191,0201,1
014,36,034,040,7855.0,061,073,4.0,092,0101,2.0,0121,25.0,0142,0152,2.0,0173,1,0192,0201,2
011,12,032,043,1680.0,063,075,3.0,094,0101,1.0,0121,35.0,0143,0152,1.0,0173,1,0191,0201,1
014,48,034,043,3578.0,065,075,4.0,093,0101,1.0,0121,47.0,0143,0152,1.0,0173,1,0192,0201,1
011,42,032,043,7174.0,065,074,4.0,092,0101,3.0,0123,30.0,0143,0152,1.0,0174,1,0192,0201,2
011,10,034,042,2132.0,065,072,2.0,092,0102,3.0,0121,27.0,0143,0151,2.0,0173,1,0191,0202,1
011,33,034,042,4281.0,063,073,1.0,092,0101,4.0,0123,23.0,0143,0152,2.0,0173,1,0191,0201,2
012,12,034,040,2366.0,063,074,3.0,091,0101,3.0,0123,36.0,0143,0152,1.0,0174,1,0192,0201,1
011,21,032,043,1835.0,061,073,3.0,092,0101,2.0,0121,25.0,0143,0152,2.0,0173,1,0192,0201,2
014,24,034,041,3868.0,061,075,4.0,092,0101,2.0,0123,41.0,0143,0151,2.0,0174,1,0192,0201,1
014,12,032,042,1768.0,061,073,3.0,093,0101,2.0,0121,24.0,0143,0151,1.0,0172,1,0191,0201,1
013,10,034,040,781.0,061,075,4.0,093,0101,4.0,0124,63.0,0143,0153,2.0,0173,1,0192,0201,1
012,18,032,042,1924.0,065,072,4.0,092,0101,3.0,0121,27.0,0143,0151,1.0,0173,1,0191,0201,2
011,12,034,040,2121.0,061,073,4.0,093,0101,2.0,0122,30.0,0143,0152,2.0,0173,1,0191,0201,1
011,12,032,043,701.0,061,073,4.0,094,0101,2.0,0121,40.0,0143,0152,1.0,0172,1,0191,0201,1
012,12,032,045,639.0,061,073,4.0,093,0101,2.0,0123,30.0,0143,0152,1.0,0173,1,0191,0201,2
012,12,034,041,1860.0,061,071,4.0,093,0101,2.0,0123,34.0,0143,0152,2.0,0174,1,0192,0201,1
011,12,034,040,3499.0,061,073,3.0,092,0102,2.0,0121,29.0,0143,0152,2.0,0173,1,0191,0201,2
012,48,032,040,8487.0,065,074,1.0,092,0101,2.0,0123,24.0,0143,0152,1.0,0173,1,0191,0201,1
011,36,033,046,6887.0,061,073,4.0,093,0101,3.0,0122,29.0,0142,0152,1.0,0173,1,0192,0201,2
014,15,032,042,2708.0,061,072,2.0,093,0101,3.0,0122,27.0,0141,0152,2.0,0172,1,0191,0201,1
014,18,032,042,1984.0,061,073,4.0,093,0101,4.0,0124,47.0,0141,0153,2.0,0173,1,0191,0201,1
014,60,032,043,10144.0,062,074,2.0,092,0101,4.0,0121,21.0,0143,0152,1.0,0173,1,0192,0201,1
014,12,034,043,1240.0,065,075,4.0,092,0101,2.0,0121,38.0,0143,0152,2.0,0173,1,0192,0201,1
014,27,033,041,8613.0,064,073,2.0,093,0101,2.0,0123,27.0,0143,0152,2.0,0173,1,0191,0201,1
012,12,032,043,766.0,063,073,4.0,093,0101,3.0,0121,66.0,0143,0152,1.0,0172,1,0191,0201,2
012,15,034,043,2728.0,065,074,4.0,093,0103,2.0,0121,35.0,0141,0152,3.0,0173,1,0192,0201,1
013,12,032,043,1881.0,061,073,2.0,092,0101,2.0,0123,44.0,0143,0151,1.0,0172,1,0192,0201,1
013,6,032,040,709.0,064,072,2.0,094,0101,2.0,0121,27.0,0143,0152,1.0,0171,1,0191,0202,1
012,36,032,043,4795.0,061,072,4.0,092,0101,1.0,0124,30.0,0143,0152,1.0,0174,1,0192,0201,1
011,27,032,043,3416.0,061,073,3.0,093,0101,2.0,0123,27.0,0143,0152,1.0,0174,1,0191,0201,1
011,18,032,042,2462.0,061,073,2.0,093,0101,2.0,0123,22.0,0143,0152,1.0,0173,1,0191,0201,2
014,21,034,042,2288.0,061,072,4.0,092,0101,4.0,0122,23.0,0143,0152,1.0,0173,1,0192,0201,1
012,48,031,049,3566.0,062,074,4.0,093,0101,2.0,0123,30.0,0143,0152,1.0,0173,1,0191,0201,1
011,6,034,040,860.0,061,075,1.0,092,0101,4.0,0124,39.0,0143,0152,2.0,0173,1,0192,0201,1
014,12,034,040,682.0,062,074,4.0,092,0101,3.0,0123,51.0,0143,0152,2.0,0173,1,0192,0201,1
011,36,034,042,5371.0,061,073,3.0,093,0103,2.0,0122,28.0,0143,0152,2.0,0173,1,0191,0201,1
014,18,034,043,1582.0,064,075,4.0,093,0101,4.0,0123,46.0,0143,0152,2.0,0173,1,0191,0201,1
014,6,032,043,1346.0,062,075,2.0,093,0101,4.0,0124,42.0,0141,0153,1.0,0173,2,0192,0201,1
014,10,032,043,1924.0,061,073,1.0,093,0101,4.0,0122,38.0,0143,0152,1.0,0173,1,0192,0202,1
013,36,032,043,5848.0,061,073,4.0,093,0101,1.0,0123,24.0,0143,0152,1.0,0173,1,0191,0201,1
012,24,034,041,7758.0,064,075,2.0,092,0101,4.0,0124,29.0,0143,0151,1.0,0173,1,0191,0201,1
012,24,033,049,6967.0,062,074,4.0,093,0101,4.0,0123,36.0,0143,0151,1.0,0174,1,0192,0201,1
011,12,032,042,1282.0,061,073,2.0,092,0101,4.0,0123,20.0,0143,0151,1.0,0173,1,0191,0201,2
011,9,034,045,1288.0,062,075,3.0,093,0103,4.0,0121,48.0,0143,0152,2.0,0173,2,0191,0202,1
011,12,031,048,339.0,061,075,4.0,094,0101,1.0,0123,45.0,0141,0152,1.0,0172,1,0191,0201,1
012,24,032,040,3512.0,062,074,2.0,093,0101,3.0,0123,38.0,0141,0152,2.0,0173,1,0192,0201,1
014,6,034,043,1898.0,065,073,1.0,093,0101,2.0,0121,34.0,0143,0152,2.0,0172,2,0191,0201,1
014,24,034,043,2872.0,062,075,3.0,093,0101,4.0,0121,36.0,0143,0152,1.0,0173,2,0192,0201,1
014,18,034,040,1055.0,061,072,4.0,092,0101,1.0,0122,30.0,0143,0152,2.0,0173,1,0191,0201,1
014,15,032,044,1262.0,063,074,4.0,093,0101,3.0,0122,36.0,0143,0152,2.0,0173,1,0192,0201,1
012,10,032,040,7308.0,061,071,2.0,093,0101,4.0,0124,70.0,0141,0153,1.0,0174,1,0192,0201,1
014,36,032,040,909.0,063,075,4.0,093,0101,4.0,0122,36.0,0143,0152,1.0,0173,1,0191,0201,1
014,6,032,042,2978.0,063,073,1.0,093,0101,2.0,0123,32.0,0143,0152,1.0,0173,1,0192,0201,1
011,18,032,042,1131.0,061,071,4.0,092,0101,2.0,0123,33.0,0143,0152,1.0,0173,1,0191,0201,2
012,11,032,042,1577.0,064,072,4.0,092,0101,1.0,0121,20.0,0143,0152,1.0,0173,1,0191,0201,1
014,24,032,042,3972.0,061,074,2.0,092,0101,4.0,0122,25.0,0143,0151,1.0,0173,1,0192,0201,1
012,24,034,049,1935.0,061,075,4.0,091,0101,4.0,0121,31.0,0143,0152,2.0,0173,1,0192,0201,2
011,15,030,040,950.0,061,075,4.0,093,0101,3.0,0123,33.0,0143,0151,2.0,0173,2,0191,0201,2
014,12,032,042,763.0,061,073,4.0,092,0101,1.0,0121,26.0,0143,0152,1.0,0173,1,0192,0201,1
012,24,033,042,2064.0,061,071,3.0,092,0101,2.0,0122,34.0,0143,0152,1.0,0174,1,0192,0201,2
012,8,032,043,1414.0,061,073,4.0,093,0103,2.0,0121,33.0,0143,0152,1.0,0173,1,0191,0202,1
011,21,033,046,3414.0,061,072,2.0,093,0101,1.0,0122,26.0,0143,0152,2.0,0173,1,0191,0201,2
014,30,031,041,7485.0,065,071,4.0,092,0101,1.0,0121,53.0,0141,0152,1.0,0174,1,0192,0201,2
011,12,032,042,2577.0,061,073,2.0,091,0101,1.0,0123,42.0,0143,0152,1.0,0173,1,0191,0201,1
011,6,034,043,338.0,063,075,4.0,093,0101,4.0,0123,52.0,0143,0152,2.0,0173,1,0191,0201,1
014,12,032,043,1963.0,061,074,4.0,093,0101,2.0,0123,31.0,0143,0151,2.0,0174,2,0192,0201,1
011,21,034,040,571.0,061,075,4.0,093,0101,4.0,0121,65.0,0143,0152,2.0,0173,1,0191,0201,1
014,36,033,049,9572.0,061,072,1.0,091,0101,1.0,0123,28.0,0143,0152,2.0,0173,1,0191,0201,2
012,36,033,049,4455.0,061,073,2.0,091,0101,2.0,0121,30.0,0142,0152,2.0,0174,1,0192,0201,2
011,21,031,040,1647.0,065,073,4.0,093,0101,2.0,0122,40.0,0143,0152,2.0,0172,2,0191,0201,2
014,24,034,042,3777.0,064,073,4.0,093,0101,4.0,0121,50.0,0143,0152,1.0,0173,1,0192,0201,1
012,18,034,040,884.0,061,075,4.0,093,0101,4.0,0123,36.0,0141,0152,1.0,0173,2,0192,0201,2
014,15,034,043,1360.0,061,073,4.0,093,0101,2.0,0122,31.0,0143,0152,2.0,0173,1,0191,0201,1
012,9,031,041,5129.0,061,075,2.0,092,0101,4.0,0124,74.0,0141,0153,1.0,0174,2,0192,0201,2
012,16,034,040,1175.0,061,071,2.0,093,0101,3.0,0123,68.0,0143,0153,3.0,0171,1,0192,0201,1
011,12,032,043,674.0,062,074,4.0,094,0101,1.0,0122,20.0,0143,0152,1.0,0173,1,0191,0201,2
012,18,030,042,3244.0,061,073,1.0,092,0101,4.0,0123,33.0,0141,0152,2.0,0173,1,0192,0201,1
014,24,032,049,4591.0,064,073,2.0,093,0101,3.0,0122,54.0,0143,0152,3.0,0174,1,0192,0201,2
012,48,030,049,3844.0,062,074,4.0,093,0101,4.0,0124,34.0,0143,0153,1.0,0172,2,0191,0201,2
012,27,032,049,3915.0,061,073,4.0,093,0101,2.0,0123,36.0,0143,0152,1.0,0173,2,0192,0201,2
014,6,032,043,2108.0,061,074,2.0,094,0101,2.0,0121,29.0,0143,0151,1.0,0173,1,0191,0201,1
012,45,032,043,3031.0,062,073,4.0,093,0103,4.0,0122,21.0,0143,0151,1.0,0173,1,0191,0201,2
012,9,034,046,1501.0,061,075,2.0,092,0101,3.0,0123,34.0,0143,0152,2.0,0174,1,0192,0201,2
014,6,034,043,1382.0,061,073,1.0,092,0101,1.0,0123,28.0,0143,0152,2.0,0173,1,0192,0201,1
012,12,032,042,951.0,062,072,4.0,092,0101,4.0,0123,27.0,0141,0151,4.0,0173,1,0191,0201,2
012,24,032,041,2760.0,065,075,4.0,093,0101,4.0,0124,36.0,0141,0153,1.0,0173,1,0192,0201,1
012,18,033,042,4297.0,061,075,4.0,091,0101,3.0,0124,40.0,0143,0152,1.0,0174,1,0192,0201,2
014,9,034,046,936.0,063,075,4.0,093,0101,2.0,0123,52.0,0143,0152,2.0,0173,1,0192,0201,1
011,12,032,040,1168.0,061,073,4.0,094,0101,3.0,0121,27.0,0143,0152,1.0,0172,1,0191,0201,1
014,27,033,049,5117.0,061,074,3.0,093,0101,4.0,0123,26.0,0143,0152,2.0,0173,1,0191,0201,1
011,12,032,048,902.0,061,074,4.0,094,0101,4.0,0122,21.0,0143,0151,1.0,0173,1,0191,0201,2
014,12,034,040,1495.0,061,075,4.0,093,0101,1.0,0121,38.0,0143,0152,2.0,0172,2,0191,0201,1
011,30,034,041,10623.0,061,075,3.0,093,0101,4.0,0124,38.0,0143,0153,3.0,0174,2,0192,0201,1
014,12,034,042,1935.0,061,075,4.0,093,0101,4.0,0121,43.0,0143,0152,3.0,0173,1,0192,0201,1
012,12,034,044,1424.0,061,074,4.0,093,0101,3.0,0122,26.0,0143,0152,1.0,0173,1,0191,0201,1
011,24,032,049,6568.0,061,073,2.0,094,0101,2.0,0123,21.0,0142,0152,1.0,0172,1,0191,0201,1
014,12,032,041,1413.0,064,074,3.0,093,0101,2.0,0122,55.0,0143,0152,1.0,0173,1,0191,0202,1
014,9,034,043,3074.0,065,073,1.0,093,0101,2.0,0121,33.0,0143,0152,2.0,0173,2,0191,0201,1
014,36,032,043,3835.0,065,075,2.0,092,0101,4.0,0121,45.0,0143,0152,1.0,0172,1,0192,0201,1
011,27,030,049,5293.0,061,071,2.0,093,0101,4.0,0122,50.0,0142,0152,2.0,0173,1,0192,0201,2
013,30,033,049,1908.0,061,075,4.0,093,0101,4.0,0121,66.0,0143,0152,1.0,0174,1,0192,0201,2
014,36,034,043,3342.0,065,075,4.0,093,0101,2.0,0123,51.0,0143,0152,1.0,0173,1,0192,0201,1
012,6,034,048,932.0,065,074,1.0,092,0101,3.0,0122,39.0,0143,0152,2.0,0172,1,0191,0201,1
011,18,030,049,3104.0,061,074,3.0,093,0101,1.0,0122,31.0,0141,0152,1.0,0173,1,0192,0201,1
013,36,032,043,3913.0,061,073,2.0,093,0101,2.0,0121,23.0,0143,0152,1.0,0173,1,0192,0201,1
011,24,032,042,3021.0,061,073,2.0,091,0101,2.0,0121,24.0,0143,0151,1.0,0172,1,0191,0201,1
014,10,032,040,1364.0,061,073,2.0,092,0101,4.0,0123,64.0,0143,0152,1.0,0173,1,0192,0201,1
012,12,032,043,625.0,061,072,4.0,094,0103,1.0,0121,26.0,0141,0152,1.0,0172,1,0191,0201,1
011,12,032,046,1200.0,065,073,4.0,092,0101,4.0,0122,23.0,0141,0151,1.0,0173,1,0192,0201,1
014,12,032,043,707.0,061,073,4.0,093,0101,2.0,0121,30.0,0141,0152,2.0,0173,1,0191,0201,1
014,24,033,049,2978.0,065,073,4.0,093,0101,4.0,0121,32.0,0143,0152,2.0,0173,2,0192,0201,1
014,15,032,041,4657.0,061,073,3.0,093,0101,2.0,0123,30.0,0143,0152,1.0,0173,1,0192,0201,1
014,36,030,045,2613.0,061,073,4.0,093,0101,2.0,0123,27.0,0143,0152,2.0,0173,1,0191,0201,1
012,48,032,043,10961.0,064,074,1.0,093,0102,2.0,0124,27.0,0141,0152,2.0,0173,1,0192,0201,2
011,12,032,042,7865.0,061,075,4.0,093,0101,4.0,0124,53.0,0143,0153,1.0,0174,1,0192,0201,2
014,9,032,043,1478.0,061,074,4.0,093,0101,2.0,0123,22.0,0143,0152,1.0,0173,1,0191,0201,2
011,24,032,042,3149.0,061,072,4.0,093,0101,1.0,0124,22.0,0141,0153,1.0,0173,1,0191,0201,1
013,36,032,043,4210.0,061,073,4.0,093,0101,2.0,0123,26.0,0143,0152,1.0,0173,1,0191,0201,2
014,9,032,040,2507.0,063,075,2.0,093,0101,4.0,0124,51.0,0143,0153,1.0,0172,1,0191,0201,1
014,12,032,043,2141.0,062,074,3.0,093,0101,1.0,0124,35.0,0143,0152,1.0,0173,1,0191,0201,1
012,18,032,043,866.0,061,073,4.0,094,0103,2.0,0121,25.0,0143,0152,1.0,0172,1,0191,0201,1
014,4,034,043,1544.0,061,074,2.0,093,0101,1.0,0121,42.0,0143,0152,3.0,0172,2,0191,0201,1
011,24,032,043,1823.0,061,071,4.0,093,0101,2.0,0123,30.0,0142,0152,1.0,0174,2,0191,0201,2
012,6,032,040,14555.0,065,071,1.0,093,0101,2.0,0122,23.0,0143,0152,1.0,0171,1,0192,0201,2
012,21,032,049,2767.0,062,075,4.0,091,0101,2.0,0123,61.0,0141,0151,2.0,0172,1,0191,0201,2
014,12,034,043,1291.0,061,073,4.0,092,0101,2.0,0122,35.0,0143,0152,2.0,0173,1,0191,0201,1
011,30,032,043,2522.0,061,075,1.0,093,0103,3.0,0122,39.0,0143,0152,1.0,0173,2,0191,0201,1
011,24,032,040,915.0,065,075,4.0,092,0101,2.0,0123,29.0,0141,0152,1.0,0173,1,0191,0201,2
014,6,032,043,1595.0,061,074,3.0,093,0101,2.0,0122,51.0,0143,0152,1.0,0173,2,0191,0201,1
011,48,030,041,4605.0,061,075,3.0,093,0101,4.0,0124,24.0,0143,0153,2.0,0173,2,0191,0201,2
014,12,034,049,1185.0,061,073,3.0,092,0101,2.0,0121,27.0,0143,0152,2.0,0173,1,0191,0201,1
014,12,031,048,3447.0,063,073,4.0,092,0101,3.0,0121,35.0,0143,0152,1.0,0172,2,0191,0201,1
014,24,032,049,1258.0,061,074,4.0,093,0101,1.0,0121,25.0,0143,0152,1.0,0173,1,0192,0201,1
014,12,034,043,717.0,061,075,4.0,093,0101,4.0,0121,52.0,0143,0152,3.0,0173,1,0191,0201,1
014,6,030,040,1204.0,062,073,4.0,093,0101,1.0,0124,35.0,0141,0151,1.0,0173,1,0191,0202,1
013,24,032,042,1925.0,061,073,2.0,093,0101,2.0,0121,26.0,0143,0152,1.0,0173,1,0191,0201,1
014,18,032,043,433.0,061,071,3.0,092,0102,4.0,0121,22.0,0143,0151,1.0,0173,1,0191,0201,2
011,6,034,040,666.0,064,074,3.0,092,0101,4.0,0121,39.0,0143,0152,2.0,0172,1,0192,0201,1
013,12,032,042,2251.0,061,073,1.0,092,0101,2.0,0123,46.0,0143,0152,1.0,0172,1,0191,0201,1
012,30,032,040,2150.0,061,073,4.0,092,0103,2.0,0124,24.0,0141,0152,1.0,0173,1,0191,0201,2
014,24,033,042,4151.0,062,073,2.0,093,0101,3.0,0122,35.0,0143,0152,2.0,0173,1,0191,0201,1
012,9,032,042,2030.0,065,074,2.0,093,0101,1.0,0123,24.0,0143,0152,1.0,0173,1,0192,0201,1
012,60,033,043,7418.0,065,073,1.0,093,0101,1.0,0121,27.0,0143,0152,1.0,0172,1,0191,0201,1
014,24,034,043,2684.0,061,073,4.0,093,0101,2.0,0121,35.0,0143,0152,2.0,0172,1,0191,0201,1
011,12,031,043,2149.0,061,073,4.0,091,0101,1.0,0124,29.0,0143,0153,1.0,0173,1,0191,0201,2
014,15,032,041,3812.0,062,072,1.0,092,0101,4.0,0123,23.0,0143,0152,1.0,0173,1,0192,0201,1
014,11,034,043,1154.0,062,071,4.0,092,0101,4.0,0121,57.0,0143,0152,3.0,0172,1,0191,0201,1
011,12,032,042,1657.0,061,073,2.0,093,0101,2.0,0121,27.0,0143,0152,1.0,0173,1,0191,0201,1
011,24,032,043,1603.0,061,075,4.0,092,0101,4.0,0123,55.0,0143,0152,1.0,0173,1,0191,0201,1
011,18,034,040,5302.0,061,075,2.0,093,0101,4.0,0124,36.0,0143,0153,3.0,0174,1,0192,0201,1
014,12,034,046,2748.0,061,075,2.0,092,0101,4.0,0124,57.0,0141,0153,3.0,0172,1,0191,0201,1
014,10,034,040,1231.0,061,075,3.0,093,0101,4.0,0121,32.0,0143,0152,2.0,0172,2,0191,0202,1
012,15,032,043,802.0,061,075,4.0,093,0101,3.0,0123,37.0,0143,0152,1.0,0173,2,0191,0201,2
014,36,034,049,6304.0,065,075,4.0,093,0101,4.0,0121,36.0,0143,0152,2.0,0173,1,0191,0201,1
014,24,032,043,1533.0,061,072,4.0,092,0101,3.0,0123,38.0,0142,0152,1.0,0173,1,0192,0201,1
011,14,032,040,8978.0,061,075,1.0,091,0101,4.0,0122,45.0,0143,0152,1.0,0174,1,0192,0202,2
014,24,032,043,999.0,065,075,4.0,093,0101,2.0,0123,25.0,0143,0152,2.0,0173,1,0191,0201,1
014,18,032,040,2662.0,065,074,4.0,093,0101,3.0,0122,32.0,0143,0152,1.0,0173,1,0191,0202,1
014,12,034,042,1402.0,063,074,3.0,092,0101,4.0,0123,37.0,0143,0151,1.0,0173,1,0192,0201,1
012,48,031,040,12169.0,065,071,4.0,093,0102,4.0,0124,36.0,0143,0153,1.0,0174,1,0192,0201,1
012,48,032,043,3060.0,061,074,4.0,093,0101,4.0,0121,28.0,0143,0152,2.0,0173,1,0191,0201,2
011,30,032,045,11998.0,061,072,1.0,091,0101,1.0,0124,34.0,0143,0152,1.0,0172,1,0192,0201,2
014,9,032,043,2697.0,061,073,1.0,093,0101,2.0,0121,32.0,0143,0152,1.0,0173,2,0191,0201,1
014,18,034,043,2404.0,061,073,2.0,092,0101,2.0,0123,26.0,0143,0152,2.0,0173,1,0191,0201,1
011,12,032,042,1262.0,065,075,2.0,091,0101,4.0,0122,49.0,0143,0152,1.0,0172,1,0192,0201,1
014,6,032,042,4611.0,061,072,1.0,092,0101,4.0,0122,32.0,0143,0152,1.0,0173,1,0191,0201,2
014,24,032,043,1901.0,062,073,4.0,093,0101,4.0,0123,29.0,0143,0151,1.0,0174,1,0192,0201,1
014,15,034,041,3368.0,064,075,3.0,093,0101,4.0,0124,23.0,0143,0151,2.0,0173,1,0192,0201,1
014,12,032,042,1574.0,061,073,4.0,093,0101,2.0,0121,50.0,0143,0152,1.0,0173,1,0191,0201,1
013,18,031,043,1445.0,065,074,4.0,093,0101,4.0,0123,49.0,0141,0152,1.0,0172,1,0191,0201,1
014,15,034,042,1520.0,065,075,4.0,093,0101,4.0,0122,63.0,0143,0152,1.0,0173,1,0191,0201,1
012,24,034,040,3878.0,062,072,4.0,091,0101,2.0,0123,37.0,0143,0152,1.0,0173,1,0192,0201,1
011,47,032,040,10722.0,061,072,1.0,092,0101,1.0,0121,35.0,0143,0152,1.0,0172,1,0192,0201,1
011,48,032,041,4788.0,061,074,4.0,093,0101,3.0,0122,26.0,0143,0152,1.0,0173,2,0191,0201,1
012,48,033,0410,7582.0,062,071,2.0,093,0101,4.0,0124,31.0,0143,0153,1.0,0174,1,0192,0201,1
012,12,032,043,1092.0,061,073,4.0,092,0103,4.0,0121,49.0,0143,0152,2.0,0173,1,0192,0201,1
011,24,033,043,1024.0,061,072,4.0,094,0101,4.0,0121,48.0,0142,0152,1.0,0173,1,0191,0201,2
014,12,032,049,1076.0,061,073,2.0,094,0101,2.0,0121,26.0,0143,0152,1.0,0173,1,0192,0202,1
012,36,032,041,9398.0,061,072,1.0,094,0101,4.0,0123,28.0,0143,0151,1.0,0174,1,0192,0201,2
011,24,034,041,6419.0,061,075,2.0,092,0101,4.0,0124,44.0,0143,0153,2.0,0174,2,0192,0201,1
013,42,034,041,4796.0,061,075,4.0,093,0101,4.0,0124,56.0,0143,0153,1.0,0173,1,0191,0201,1
014,48,034,049,7629.0,065,075,4.0,091,0101,2.0,0123,46.0,0141,0152,2.0,0174,2,0191,0201,1
012,48,032,042,9960.0,061,072,1.0,092,0101,2.0,0123,26.0,0143,0152,1.0,0173,1,0192,0201,2
014,12,032,041,4675.0,065,072,1.0,092,0101,4.0,0123,20.0,0143,0151,1.0,0173,1,0191,0201,1
014,10,032,040,1287.0,065,075,4.0,093,0102,2.0,0122,45.0,0143,0152,1.0,0172,1,0191,0202,1
014,18,032,042,2515.0,061,073,3.0,093,0101,4.0,0121,43.0,0143,0152,1.0,0173,1,0192,0201,1
012,21,034,042,2745.0,064,074,3.0,093,0101,2.0,0123,32.0,0143,0152,2.0,0173,1,0192,0201,1
014,6,032,040,672.0,061,071,1.0,092,0101,4.0,0121,54.0,0143,0152,1.0,0171,1,0192,0201,1
012,36,030,043,3804.0,061,073,4.0,092,0101,1.0,0123,42.0,0143,0152,1.0,0173,1,0192,0201,2
013,24,034,040,1344.0,065,074,4.0,093,0101,2.0,0121,37.0,0141,0152,2.0,0172,2,0191,0201,2
011,10,034,040,1038.0,061,074,4.0,093,0102,3.0,0122,49.0,0143,0152,2.0,0173,1,0192,0201,1
014,48,034,040,10127.0,063,073,2.0,093,0101,2.0,0124,44.0,0141,0153,1.0,0173,1,0191,0201,2
014,6,032,042,1543.0,064,073,4.0,091,0101,2.0,0121,33.0,0143,0152,1.0,0173,1,0191,0201,1
014,30,032,041,4811.0,065,074,2.0,092,0101,4.0,0122,24.0,0142,0151,1.0,0172,1,0191,0201,1
011,12,032,043,727.0,062,072,4.0,094,0101,3.0,0124,33.0,0143,0152,1.0,0172,1,0192,0201,2
012,8,032,042,1237.0,061,073,3.0,092,0101,4.0,0121,24.0,0143,0152,1.0,0173,1,0191,0201,2
012,9,032,040,276.0,061,073,4.0,094,0101,4.0,0121,22.0,0143,0151,1.0,0172,1,0191,0201,1
012,48,032,0410,5381.0,065,071,3.0,093,0101,4.0,0124,40.0,0141,0153,1.0,0171,1,0192,0201,1
014,24,032,042,5511.0,062,073,4.0,093,0101,1.0,0123,25.0,0142,0152,1.0,0173,1,0191,0201,1
013,24,032,042,3749.0,061,072,2.0,092,0101,4.0,0123,26.0,0143,0152,1.0,0173,1,0191,0201,1
012,12,032,040,685.0,061,074,2.0,094,0101,3.0,0123,25.0,0141,0152,1.0,0172,1,0191,0201,2
013,4,032,040,1494.0,065,072,1.0,093,0101,2.0,0121,29.0,0143,0152,1.0,0172,2,0191,0202,1
011,36,031,042,2746.0,061,075,4.0,093,0101,4.0,0123,31.0,0141,0152,1.0,0173,1,0191,0201,2
011,12,032,042,708.0,061,073,2.0,093,0103,3.0,0122,38.0,0143,0152,1.0,0172,2,0191,0201,1
012,24,032,042,4351.0,065,073,1.0,092,0101,4.0,0122,48.0,0143,0152,1.0,0172,1,0192,0201,1
014,12,034,046,701.0,061,073,4.0,093,0101,2.0,0123,32.0,0143,0152,2.0,0173,1,0191,0201,1
011,15,033,042,3643.0,061,075,1.0,092,0101,4.0,0122,27.0,0143,0152,2.0,0172,1,0191,0201,1
012,30,034,040,4249.0,061,071,4.0,094,0101,2.0,0123,28.0,0143,0152,2.0,0174,1,0191,0201,2
011,24,032,043,1938.0,061,072,4.0,091,0101,3.0,0122,32.0,0143,0152,1.0,0173,1,0191,0201,2
011,24,032,041,2910.0,061,074,2.0,093,0101,1.0,0124,34.0,0143,0153,1.0,0174,1,0192,0201,1
011,18,032,042,2659.0,064,073,4.0,093,0101,2.0,0123,28.0,0143,0152,1.0,0173,1,0191,0201,1
014,18,034,040,1028.0,061,073,4.0,092,0101,3.0,0121,36.0,0143,0152,2.0,0173,1,0191,0201,1
011,8,034,040,3398.0,061,074,1.0,093,0101,4.0,0121,39.0,0143,0152,2.0,0172,1,0191,0202,1
014,12,034,042,5801.0,065,075,2.0,093,0101,4.0,0122,49.0,0143,0151,1.0,0173,1,0192,0201,1
014,24,032,040,1525.0,064,074,4.0,092,0101,3.0,0123,34.0,0143,0152,1.0,0173,2,0192,0201,1
013,36,032,043,4473.0,061,075,4.0,093,0101,2.0,0123,31.0,0143,0152,1.0,0173,1,0191,0201,1
012,6,032,043,1068.0,061,075,4.0,093,0101,4.0,0123,28.0,0143,0152,1.0,0173,2,0191,0201,1
011,24,034,041,6615.0,061,071,2.0,093,0101,4.0,0124,75.0,0143,0153,2.0,0174,1,0192,0201,1
014,18,034,046,1864.0,062,073,4.0,092,0101,2.0,0121,30.0,0143,0152,2.0,0173,1,0191,0201,2
012,60,032,040,7408.0,062,072,4.0,092,0101,2.0,0122,24.0,0143,0152,1.0,0174,1,0191,0201,2
014,48,034,041,11590.0,062,073,2.0,092,0101,4.0,0123,24.0,0141,0151,2.0,0172,1,0191,0201,2
011,24,030,042,4110.0,061,075,3.0,093,0101,4.0,0124,23.0,0141,0151,2.0,0173,2,0191,0201,2
011,6,034,042,3384.0,061,073,1.0,091,0101,4.0,0121,44.0,0143,0151,1.0,0174,1,0192,0201,2
012,13,032,043,2101.0,061,072,2.0,092,0103,4.0,0122,23.0,0143,0152,1.0,0172,1,0191,0201,1
011,15,032,044,1275.0,065,073,4.0,092,0101,2.0,0123,24.0,0143,0151,1.0,0173,1,0191,0201,2
011,24,032,042,4169.0,061,073,4.0,093,0101,4.0,0122,28.0,0143,0152,1.0,0173,1,0191,0201,1
012,10,032,042,1521.0,061,073,4.0,091,0101,2.0,0123,31.0,0143,0152,1.0,0172,1,0191,0201,1
012,24,034,046,5743.0,061,072,2.0,092,0101,4.0,0124,24.0,0143,0153,2.0,0173,1,0192,0201,1
011,21,032,042,3599.0,061,074,1.0,092,0101,4.0,0123,26.0,0143,0151,1.0,0172,1,0191,0201,1
012,18,032,043,3213.0,063,072,1.0,094,0101,3.0,0121,25.0,0143,0151,1.0,0173,1,0191,0201,1
012,18,032,049,4439.0,061,075,1.0,093,0102,1.0,0121,33.0,0141,0152,1.0,0174,1,0192,0201,1
013,10,032,040,3949.0,061,072,1.0,093,0103,1.0,0122,37.0,0143,0152,1.0,0172,2,0191,0201,1
014,15,034,043,1459.0,061,073,4.0,092,0101,2.0,0123,43.0,0143,0152,1.0,0172,1,0191,0201,1
012,13,034,043,882.0,061,072,4.0,093,0103,4.0,0121,23.0,0143,0152,2.0,0173,1,0191,0201,1
012,24,032,043,3758.0,063,071,1.0,092,0101,4.0,0124,23.0,0143,0151,1.0,0171,1,0191,0201,1
014,6,033,049,1743.0,062,073,1.0,093,0101,2.0,0121,34.0,0143,0152,2.0,0172,1,0191,0201,1
012,9,034,046,1136.0,064,075,4.0,093,0101,3.0,0124,32.0,0143,0153,2.0,0173,2,0191,0201,2
014,9,032,044,1236.0,061,072,1.0,092,0101,4.0,0121,23.0,0143,0151,1.0,0173,1,0192,0201,1
012,9,032,042,959.0,061,073,1.0,092,0101,2.0,0123,29.0,0143,0152,1.0,0173,1,0191,0202,2
014,18,034,041,3229.0,065,071,2.0,093,0101,4.0,0124,38.0,0143,0152,1.0,0174,1,0192,0201,1
011,12,030,043,6199.0,061,073,4.0,093,0101,2.0,0122,28.0,0143,0151,2.0,0173,1,0192,0201,2
014,10,032,046,727.0,063,075,4.0,093,0101,4.0,0124,46.0,0143,0153,1.0,0173,1,0192,0201,1
012,24,032,040,1246.0,061,072,4.0,093,0101,2.0,0121,23.0,0142,0152,1.0,0172,1,0191,0201,2
014,12,034,043,2331.0,065,075,1.0,093,0102,4.0,0121,49.0,0143,0152,1.0,0173,1,0192,0201,1
014,36,033,043,4463.0,061,073,4.0,093,0101,2.0,0123,26.0,0143,0152,2.0,0174,1,0192,0201,2
014,12,032,043,776.0,061,073,4.0,094,0101,2.0,0121,28.0,0143,0152,1.0,0173,1,0191,0201,1
011,30,032,042,2406.0,061,074,4.0,092,0101,4.0,0121,23.0,0143,0151,1.0,0173,1,0191,0201,2
012,18,032,046,1239.0,065,073,4.0,093,0101,4.0,0124,61.0,0143,0153,1.0,0173,1,0191,0201,1
013,12,032,043,3399.0,065,075,2.0,093,0101,3.0,0123,37.0,0143,0152,1.0,0174,1,0191,0201,1
013,12,033,040,2247.0,061,073,2.0,092,0101,2.0,0123,36.0,0142,0152,2.0,0173,1,0192,0201,1
014,6,032,042,1766.0,061,073,1.0,094,0101,2.0,0122,21.0,0143,0151,1.0,0173,1,0191,0201,1
011,18,032,042,2473.0,061,071,4.0,093,0101,1.0,0123,25.0,0143,0152,1.0,0171,1,0191,0201,2
014,12,032,049,1542.0,061,074,2.0,093,0101,4.0,0123,36.0,0143,0152,1.0,0173,1,0192,0201,1
014,18,034,041,3850.0,061,074,3.0,093,0101,1.0,0123,27.0,0143,0152,2.0,0173,1,0191,0201,1
011,18,032,042,3650.0,061,072,1.0,092,0101,4.0,0123,22.0,0143,0151,1.0,0173,1,0191,0201,1
011,36,032,042,3446.0,061,075,4.0,093,0101,2.0,0123,42.0,0143,0152,1.0,0173,2,0191,0201,2
012,18,032,042,3001.0,061,074,2.0,092,0101,4.0,0121,40.0,0143,0151,1.0,0173,1,0191,0201,1
014,36,032,040,3079.0,065,073,4.0,093,0101,4.0,0121,36.0,0143,0152,1.0,0173,1,0191,0201,1
014,18,034,043,6070.0,061,075,3.0,093,0101,4.0,0123,33.0,0143,0152,2.0,0173,1,0192,0201,1
014,10,034,042,2146.0,061,072,1.0,092,0101,3.0,0121,23.0,0143,0151,2.0,0173,1,0191,0201,1
014,60,034,040,13756.0,065,075,2.0,093,0101,4.0,0124,63.0,0141,0153,1.0,0174,1,0192,0201,1
012,60,031,0410,14782.0,062,075,3.0,092,0101,4.0,0124,60.0,0141,0153,2.0,0174,1,0192,0201,2
011,48,031,049,7685.0,061,074,2.0,092,0103,4.0,0123,37.0,0143,0151,1.0,0173,1,0191,0201,2
014,18,033,043,2320.0,061,071,2.0,094,0101,3.0,0121,34.0,0143,0152,2.0,0173,1,0191,0201,1
014,7,033,043,846.0,065,075,3.0,093,0101,4.0,0124,36.0,0143,0153,1.0,0173,1,0191,0201,1
012,36,032,040,14318.0,061,075,4.0,093,0101,2.0,0124,57.0,0143,0153,1.0,0174,1,0192,0201,2
014,6,034,040,362.0,062,073,4.0,092,0101,4.0,0123,52.0,0143,0152,2.0,0172,1,0191,0201,1
011,20,032,042,2212.0,065,074,4.0,093,0101,4.0,0123,39.0,0143,0152,1.0,0173,1,0192,0201,1
012,18,032,041,12976.0,061,071,3.0,092,0101,4.0,0124,38.0,0143,0153,1.0,0174,1,0192,0201,2
014,22,032,040,1283.0,065,074,4.0,092,0101,4.0,0122,25.0,0143,0151,1.0,0173,1,0191,0201,1
013,12,032,040,1330.0,061,072,4.0,093,0101,1.0,0121,26.0,0143,0152,1.0,0173,1,0191,0201,1
014,30,033,049,4272.0,062,073,2.0,093,0101,2.0,0122,26.0,0143,0152,2.0,0172,1,0191,0201,1
014,18,034,043,2238.0,061,073,2.0,092,0101,1.0,0123,25.0,0143,0152,2.0,0173,1,0191,0201,1
014,18,032,043,1126.0,065,072,4.0,092,0101,2.0,0121,21.0,0143,0151,1.0,0173,1,0192,0201,1
012,18,034,042,7374.0,061,071,4.0,093,0101,4.0,0122,40.0,0142,0152,2.0,0174,1,0192,0201,1
012,15,034,049,2326.0,063,073,2.0,093,0101,4.0,0123,27.0,0141,0152,1.0,0173,1,0191,0201,1
014,9,032,049,1449.0,061,074,3.0,092,0101,2.0,0123,27.0,0143,0152,2.0,0173,1,0191,0201,1
014,18,032,040,1820.0,061,073,2.0,094,0101,2.0,0122,30.0,0143,0152,1.0,0174,1,0192,0201,1
012,12,032,042,983.0,064,072,1.0,092,0101,4.0,0121,19.0,0143,0151,1.0,0172,1,0191,0201,1
011,36,032,040,3249.0,061,074,2.0,093,0101,4.0,0124,39.0,0141,0153,1.0,0174,2,0192,0201,1
011,6,034,043,1957.0,061,074,1.0,092,0101,4.0,0123,31.0,0143,0152,1.0,0173,1,0191,0201,1
014,9,034,042,2406.0,061,071,2.0,093,0101,3.0,0123,31.0,0143,0152,1.0,0174,1,0191,0201,1
012,39,033,046,11760.0,062,074,2.0,093,0101,3.0,0124,32.0,0143,0151,1.0,0173,1,0192,0201,1
011,12,032,042,2578.0,061,071,3.0,092,0101,4.0,0124,55.0,0143,0153,1.0,0174,1,0191,0201,1
011,36,034,042,2348.0,061,073,3.0,094,0101,2.0,0122,46.0,0143,0152,2.0,0173,1,0192,0201,1
012,12,032,040,1223.0,061,075,1.0,091,0101,1.0,0121,46.0,0143,0151,2.0,0173,1,0191,0201,2
014,24,034,043,1516.0,064,073,4.0,092,0101,1.0,0121,43.0,0143,0152,2.0,0172,1,0191,0201,1
014,18,032,043,1473.0,061,072,3.0,094,0101,4.0,0121,39.0,0143,0152,1.0,0173,1,0192,0201,1
012,18,034,049,1887.0,065,073,4.0,094,0101,4.0,0121,28.0,0141,0152,2.0,0173,1,0191,0201,1
014,24,033,049,8648.0,061,072,2.0,093,0101,2.0,0123,27.0,0141,0152,2.0,0173,1,0192,0201,2
014,14,033,040,802.0,061,073,4.0,093,0101,2.0,0123,27.0,0143,0152,2.0,0172,1,0191,0201,1
012,18,033,040,2899.0,065,075,4.0,093,0101,4.0,0123,43.0,0143,0152,1.0,0173,2,0191,0201,1
012,24,032,043,2039.0,061,072,1.0,094,0101,1.0,0122,22.0,0143,0152,1.0,0173,1,0192,0201,2
014,24,034,041,2197.0,065,074,4.0,093,0101,4.0,0123,43.0,0143,0152,2.0,0173,2,0192,0201,1
011,15,032,043,1053.0,061,072,4.0,094,0101,2.0,0121,27.0,0143,0152,1.0,0173,1,0191,0202,1
014,24,032,043,3235.0,063,075,3.0,091,0101,2.0,0123,26.0,0143,0152,1.0,0174,1,0192,0201,1
013,12,034,040,939.0,063,074,4.0,094,0101,2.0,0121,28.0,0143,0152,3.0,0173,1,0192,0201,2
012,24,032,043,1967.0,061,075,4.0,092,0101,4.0,0123,20.0,0143,0152,1.0,0173,1,0192,0201,1
014,33,034,041,7253.0,061,074,3.0,093,0101,2.0,0123,35.0,0143,0152,2.0,0174,1,0192,0201,1
014,12,034,049,2292.0,061,071,4.0,093,0101,2.0,0123,42.0,0142,0152,2.0,0174,1,0192,0201,2
014,10,032,040,1597.0,063,073,3.0,093,0101,2.0,0124,40.0,0143,0151,1.0,0172,2,0191,0202,1
011,24,032,040,1381.0,065,073,4.0,092,0101,2.0,0122,35.0,0143,0152,1.0,0173,1,0191,0201,2
014,36,034,041,5842.0,061,075,2.0,093,0101,2.0,0122,35.0,0143,0152,2.0,0173,2,0192,0201,1
011,12,032,040,2579.0,061,072,4.0,093,0101,1.0,0121,33.0,0143,0152,1.0,0172,2,0191,0201,2
011,18,033,046,8471.0,065,073,1.0,092,0101,2.0,0123,23.0,0143,0151,2.0,0173,1,0192,0201,1
014,21,032,040,2782.0,063,074,1.0,092,0101,2.0,0123,31.0,0141,0152,1.0,0174,1,0191,0201,1
012,18,032,040,1042.0,065,073,4.0,092,0101,2.0,0122,33.0,0143,0152,1.0,0173,1,0191,0201,2
014,15,032,040,3186.0,064,074,2.0,092,0101,3.0,0123,20.0,0143,0151,1.0,0173,1,0191,0201,1
012,12,032,041,2028.0,065,073,4.0,093,0101,2.0,0123,30.0,0143,0152,1.0,0173,1,0191,0201,1
012,12,034,040,958.0,061,074,2.0,093,0101,3.0,0121,47.0,0143,0152,2.0,0172,2,0191,0201,1
014,21,033,042,1591.0,062,074,4.0,093,0101,3.0,0121,34.0,0143,0152,2.0,0174,1,0191,0201,1
012,12,032,042,2762.0,065,075,1.0,092,0101,2.0,0122,25.0,0141,0152,1.0,0173,1,0192,0201,2
012,18,032,041,2779.0,061,073,1.0,094,0101,3.0,0123,21.0,0143,0151,1.0,0173,1,0192,0201,1
014,28,034,043,2743.0,061,075,4.0,093,0101,2.0,0123,29.0,0143,0152,2.0,0173,1,0191,0201,1
014,18,034,043,1149.0,064,073,4.0,093,0101,3.0,0121,46.0,0143,0152,2.0,0173,1,0191,0201,1
014,9,032,042,1313.0,061,075,1.0,093,0101,4.0,0123,20.0,0143,0152,1.0,0173,1,0191,0201,1
011,18,034,045,1190.0,061,071,2.0,092,0101,4.0,0124,55.0,0143,0153,3.0,0171,2,0191,0201,2
014,5,032,049,3448.0,061,074,1.0,093,0101,4.0,0121,74.0,0143,0152,1.0,0172,1,0191,0201,1
012,24,032,0410,11328.0,061,073,2.0,093,0102,3.0,0123,29.0,0141,0152,2.0,0174,1,0192,0201,2
011,6,034,042,1872.0,061,071,4.0,093,0101,4.0,0124,36.0,0143,0153,3.0,0174,1,0192,0201,1
014,24,034,045,2058.0,061,073,4.0,091,0101,2.0,0121,33.0,0143,0152,2.0,0173,1,0192,0201,1
011,9,032,042,2136.0,061,073,3.0,093,0101,2.0,0121,25.0,0143,0152,1.0,0173,1,0191,0201,1
012,12,032,043,1484.0,065,073,2.0,094,0101,1.0,0121,25.0,0143,0152,1.0,0173,1,0192,0201,2
014,6,032,045,660.0,063,074,2.0,094,0101,4.0,0121,23.0,0143,0151,1.0,0172,1,0191,0201,1
014,24,034,040,1287.0,064,075,4.0,092,0101,4.0,0121,37.0,0143,0152,2.0,0173,1,0192,0201,1
011,42,034,045,3394.0,061,071,4.0,093,0102,4.0,0123,65.0,0143,0152,2.0,0171,1,0191,0201,1
013,12,031,049,609.0,061,072,4.0,092,0101,1.0,0121,26.0,0143,0152,1.0,0171,1,0191,0201,2
014,12,032,040,1884.0,061,075,4.0,093,0101,4.0,0123,39.0,0143,0152,1.0,0174,1,0192,0201,1
011,12,032,042,1620.0,061,073,2.0,092,0102,3.0,0122,30.0,0143,0152,1.0,0173,1,0191,0201,1
012,20,033,0410,2629.0,061,073,2.0,093,0101,3.0,0123,29.0,0141,0152,2.0,0173,1,0192,0201,1
014,12,032,046,719.0,061,075,4.0,093,0101,4.0,0123,41.0,0141,0152,1.0,0172,2,0191,0201,2
012,48,034,042,5096.0,061,073,2.0,092,0101,3.0,0123,30.0,0143,0152,1.0,0174,1,0192,0201,2
014,9,034,046,1244.0,065,075,4.0,092,0101,4.0,0122,41.0,0143,0151,2.0,0172,1,0191,0201,1
011,36,032,040,1842.0,061,072,4.0,092,0101,4.0,0123,34.0,0143,0152,1.0,0173,1,0192,0201,2
012,7,032,043,2576.0,061,073,2.0,093,0103,2.0,0121,35.0,0143,0152,1.0,0173,1,0191,0201,1
013,12,032,042,1424.0,065,075,3.0,092,0101,4.0,0121,55.0,0143,0152,1.0,0174,1,0192,0201,1
012,15,033,045,1512.0,064,073,3.0,094,0101,3.0,0122,61.0,0142,0152,2.0,0173,1,0191,0201,2
014,36,034,041,11054.0,065,073,4.0,093,0101,2.0,0123,30.0,0143,0152,1.0,0174,1,0192,0201,1
014,6,032,043,518.0,061,073,3.0,092,0101,1.0,0121,29.0,0143,0152,1.0,0173,1,0191,0201,1
014,12,030,042,2759.0,061,075,2.0,093,0101,4.0,0122,34.0,0143,0152,2.0,0173,1,0191,0201,1
014,24,032,041,2670.0,061,075,4.0,093,0101,4.0,0123,35.0,0143,0152,1.0,0174,1,0192,0201,1
011,24,032,040,4817.0,061,074,2.0,093,0102,3.0,0122,31.0,0143,0152,1.0,0173,1,0192,0201,2
014,24,032,041,2679.0,061,072,4.0,092,0101,1.0,0124,29.0,0143,0152,1.0,0174,1,0192,0201,1
011,11,034,040,3905.0,061,073,2.0,093,0101,2.0,0121,36.0,0143,0151,2.0,0173,2,0191,0201,1
011,12,032,041,3386.0,061,075,3.0,093,0101,4.0,0124,35.0,0143,0153,1.0,0173,1,0192,0201,2
011,6,032,044,343.0,061,072,4.0,092,0101,1.0,0121,27.0,0143,0152,1.0,0173,1,0191,0201,1
014,18,032,043,4594.0,061,072,3.0,093,0101,2.0,0123,32.0,0143,0152,1.0,0173,1,0192,0201,1
011,36,032,042,3620.0,061,073,1.0,093,0103,2.0,0122,37.0,0143,0152,1.0,0173,2,0191,0201,1
011,15,032,040,1721.0,061,072,2.0,093,0101,3.0,0121,36.0,0143,0152,1.0,0173,1,0191,0201,1
012,12,032,042,3017.0,061,072,3.0,092,0101,1.0,0121,34.0,0143,0151,1.0,0174,1,0191,0201,1
012,12,032,048,754.0,065,075,4.0,093,0101,4.0,0122,38.0,0143,0152,2.0,0173,1,0191,0201,1
014,18,032,049,1950.0,061,074,4.0,093,0101,1.0,0123,34.0,0142,0152,2.0,0173,1,0192,0201,1
011,24,032,041,2924.0,061,073,3.0,093,0103,4.0,0124,63.0,0141,0152,1.0,0173,2,0192,0201,1
011,24,033,043,1659.0,061,072,4.0,092,0101,2.0,0123,29.0,0143,0151,1.0,0172,1,0192,0201,2
014,48,033,043,7238.0,065,075,3.0,093,0101,3.0,0123,32.0,0141,0152,2.0,0173,2,0191,0201,1
014,33,033,049,2764.0,061,073,2.0,092,0101,2.0,0123,26.0,0143,0152,2.0,0173,1,0192,0201,1
014,24,033,041,4679.0,061,074,3.0,093,0101,3.0,0123,35.0,0143,0152,2.0,0172,1,0192,0201,1
012,24,032,043,3092.0,062,072,3.0,094,0101,2.0,0123,22.0,0143,0151,1.0,0173,1,0192,0201,2
011,6,032,046,448.0,061,072,4.0,092,0101,4.0,0122,23.0,0143,0152,1.0,0173,1,0191,0201,2
011,9,032,040,654.0,061,073,4.0,093,0101,3.0,0123,28.0,0143,0152,1.0,0172,1,0191,0201,2
014,6,032,048,1238.0,065,071,4.0,093,0101,4.0,0122,36.0,0143,0152,1.0,0174,2,0192,0201,1
012,18,034,043,1245.0,061,073,4.0,094,0101,2.0,0123,33.0,0143,0152,1.0,0173,1,0191,0201,2
011,18,030,042,3114.0,061,072,1.0,092,0101,4.0,0122,26.0,0143,0151,1.0,0173,1,0191,0201,2
014,39,032,041,2569.0,063,073,4.0,093,0101,4.0,0123,24.0,0143,0152,1.0,0173,1,0191,0201,1
013,24,032,043,5152.0,061,074,4.0,093,0101,2.0,0123,25.0,0141,0152,1.0,0173,1,0191,0201,1
012,12,032,049,1037.0,062,074,3.0,093,0101,4.0,0121,39.0,0143,0152,1.0,0172,1,0191,0201,1
011,15,034,042,1478.0,061,075,4.0,093,0101,4.0,0123,44.0,0143,0152,2.0,0173,2,0192,0201,1
012,12,034,043,3573.0,061,073,1.0,092,0101,1.0,0121,23.0,0143,0152,1.0,0172,1,0191,0201,1
012,24,032,040,1201.0,061,072,4.0,093,0101,1.0,0122,26.0,0143,0152,1.0,0173,1,0191,0201,1
011,30,032,042,3622.0,064,075,4.0,092,0101,4.0,0122,57.0,0143,0151,2.0,0173,1,0192,0201,1
014,15,033,042,960.0,064,074,3.0,092,0101,2.0,0122,30.0,0143,0152,2.0,0173,1,0191,0201,1
014,12,034,040,1163.0,063,073,4.0,093,0101,4.0,0121,44.0,0143,0152,1.0,0173,1,0192,0201,1
012,6,033,040,1209.0,061,071,4.0,093,0101,4.0,0122,47.0,0143,0152,1.0,0174,1,0192,0201,2
014,12,032,043,3077.0,061,073,2.0,093,0101,4.0,0123,52.0,0143,0152,1.0,0173,1,0192,0201,1
014,24,032,040,3757.0,061,075,4.0,092,0102,4.0,0124,62.0,0143,0153,1.0,0173,1,0192,0201,1
014,10,032,040,1418.0,062,073,3.0,093,0101,2.0,0121,35.0,0143,0151,1.0,0172,1,0191,0202,1
014,6,032,040,3518.0,061,073,2.0,093,0103,3.0,0122,26.0,0143,0151,1.0,0173,1,0191,0201,1
014,12,034,043,1934.0,061,075,2.0,093,0101,2.0,0124,26.0,0143,0152,2.0,0173,1,0191,0201,1
012,27,030,049,8318.0,061,075,2.0,092,0101,4.0,0124,42.0,0143,0153,2.0,0174,1,0192,0201,2
014,6,034,043,1237.0,062,073,1.0,092,0101,1.0,0122,27.0,0143,0152,2.0,0173,1,0191,0201,1
012,6,032,043,368.0,065,075,4.0,093,0101,4.0,0122,38.0,0143,0152,1.0,0173,1,0191,0201,1
011,12,034,040,2122.0,061,073,3.0,093,0101,2.0,0121,39.0,0143,0151,2.0,0172,2,0191,0202,1
011,24,032,042,2996.0,065,073,2.0,094,0101,4.0,0123,20.0,0143,0152,1.0,0173,1,0191,0201,2
012,36,032,042,9034.0,062,072,4.0,093,0102,1.0,0124,29.0,0143,0151,1.0,0174,1,0192,0201,2
014,24,034,042,1585.0,061,074,4.0,093,0101,3.0,0122,40.0,0143,0152,2.0,0173,1,0191,0201,1
012,18,032,043,1301.0,061,075,4.0,094,0103,2.0,0121,32.0,0143,0152,1.0,0172,1,0191,0201,1
013,6,034,040,1323.0,062,075,2.0,091,0101,4.0,0123,28.0,0143,0152,2.0,0173,2,0192,0201,1
011,24,032,040,3123.0,061,072,4.0,092,0101,1.0,0122,27.0,0143,0152,1.0,0173,1,0191,0201,2
011,36,032,041,5493.0,061,075,2.0,093,0101,4.0,0124,42.0,0143,0153,1.0,0173,2,0191,0201,1
013,9,032,043,1126.0,062,075,2.0,091,0101,4.0,0121,49.0,0143,0152,1.0,0173,1,0191,0201,1
012,24,034,043,1216.0,062,072,4.0,093,0101,4.0,0124,38.0,0141,0152,2.0,0173,2,0191,0201,2
011,24,032,040,1207.0,061,072,4.0,092,0101,4.0,0122,24.0,0143,0151,1.0,0173,1,0191,0201,2
014,10,032,040,1309.0,065,073,4.0,093,0103,4.0,0122,27.0,0143,0152,1.0,0172,1,0191,0201,2
013,15,034,041,2360.0,063,073,2.0,093,0101,2.0,0123,36.0,0143,0152,1.0,0173,1,0192,0201,1
012,15,031,040,6850.0,062,071,1.0,093,0101,2.0,0122,34.0,0143,0152,1.0,0174,2,0192,0201,2
014,24,032,043,1413.0,061,073,4.0,094,0101,2.0,0122,28.0,0143,0152,1.0,0173,1,0191,0201,1
014,39,032,041,8588.0,062,075,4.0,093,0101,2.0,0123,45.0,0143,0152,1.0,0174,1,0192,0201,1
011,12,032,040,759.0,061,074,4.0,093,0101,2.0,0121,26.0,0143,0152,1.0,0173,1,0191,0201,2
014,36,032,041,4686.0,061,073,2.0,093,0101,2.0,0124,32.0,0143,0153,1.0,0174,1,0192,0201,1
013,15,032,049,2687.0,061,074,2.0,093,0101,4.0,0122,26.0,0143,0151,1.0,0173,1,0192,0201,1
012,12,033,043,585.0,061,073,4.0,094,0102,4.0,0121,20.0,0143,0151,2.0,0173,1,0191,0201,1
014,24,032,040,2255.0,065,072,4.0,093,0101,1.0,0122,54.0,0143,0152,1.0,0173,1,0191,0201,1
011,6,034,040,609.0,061,074,4.0,092,0101,3.0,0122,37.0,0143,0152,2.0,0173,1,0191,0202,1
011,6,034,040,1361.0,061,072,2.0,093,0101,4.0,0121,40.0,0143,0152,1.0,0172,2,0191,0202,1
014,36,034,042,7127.0,061,072,2.0,092,0101,4.0,0122,23.0,0143,0151,2.0,0173,1,0192,0201,2
011,6,032,040,1203.0,062,075,3.0,093,0101,2.0,0122,43.0,0143,0152,1.0,0173,1,0192,0201,1
014,6,034,043,700.0,065,075,4.0,093,0101,4.0,0124,36.0,0143,0153,2.0,0173,1,0191,0201,1
014,24,034,045,5507.0,061,075,3.0,093,0101,4.0,0124,44.0,0143,0153,2.0,0173,1,0191,0201,1
011,18,032,043,3190.0,061,073,2.0,092,0101,2.0,0121,24.0,0143,0152,1.0,0173,1,0191,0201,2
011,48,030,042,7119.0,061,073,3.0,093,0101,4.0,0124,53.0,0143,0153,2.0,0173,2,0191,0201,2
014,24,032,041,3488.0,062,074,3.0,092,0101,4.0,0123,23.0,0143,0152,1.0,0173,1,0191,0201,1
012,18,032,043,1113.0,061,073,4.0,092,0103,4.0,0121,26.0,0143,0152,1.0,0172,2,0191,0201,1
012,26,032,041,7966.0,061,072,2.0,093,0101,3.0,0123,30.0,0143,0152,2.0,0173,1,0191,0201,1
014,15,034,046,1532.0,062,073,4.0,092,0101,3.0,0123,31.0,0143,0152,1.0,0173,1,0191,0201,1
014,4,034,043,1503.0,061,074,2.0,093,0101,1.0,0121,42.0,0143,0152,2.0,0172,2,0191,0201,1
011,36,032,043,2302.0,061,073,4.0,091,0101,4.0,0123,31.0,0143,0151,1.0,0173,1,0191,0201,2
011,6,032,040,662.0,061,072,3.0,093,0101,4.0,0121,41.0,0143,0152,1.0,0172,2,0192,0201,1
012,36,032,046,2273.0,061,074,3.0,093,0101,1.0,0123,32.0,0143,0152,2.0,0173,2,0191,0201,1
012,15,032,040,2631.0,062,073,2.0,092,0101,4.0,0123,28.0,0143,0151,2.0,0173,1,0192,0201,2
014,12,033,041,1503.0,061,073,4.0,094,0101,4.0,0121,41.0,0143,0151,1.0,0173,1,0191,0201,1
014,24,032,043,1311.0,062,074,4.0,094,0101,3.0,0122,26.0,0143,0152,1.0,0173,1,0192,0201,1
014,24,032,043,3105.0,065,072,4.0,093,0101,2.0,0123,25.0,0143,0152,2.0,0173,1,0191,0201,1
013,21,034,046,2319.0,061,072,2.0,091,0101,1.0,0123,33.0,0143,0151,1.0,0173,1,0191,0201,2
011,6,032,040,1374.0,065,071,4.0,092,0101,3.0,0122,75.0,0143,0152,1.0,0174,1,0192,0201,1
012,18,034,042,3612.0,061,075,3.0,092,0101,4.0,0122,37.0,0143,0152,1.0,0173,1,0192,0201,1
011,48,032,040,7763.0,061,075,4.0,093,0101,4.0,0124,42.0,0141,0153,1.0,0174,1,0191,0201,2
013,18,032,042,3049.0,061,072,1.0,092,0101,1.0,0122,45.0,0142,0152,1.0,0172,1,0191,0201,1
012,12,032,043,1534.0,061,072,1.0,094,0101,1.0,0121,23.0,0143,0151,1.0,0173,1,0191,0201,2
014,24,033,040,2032.0,061,075,4.0,093,0101,4.0,0124,60.0,0143,0153,2.0,0173,1,0192,0201,1
011,30,032,042,6350.0,065,075,4.0,093,0101,4.0,0122,31.0,0143,0152,1.0,0173,1,0191,0201,2
013,18,032,042,2864.0,061,073,2.0,093,0101,1.0,0121,34.0,0143,0152,1.0,0172,2,0191,0201,2
014,12,034,040,1255.0,061,075,4.0,093,0101,4.0,0121,61.0,0143,0152,2.0,0172,1,0191,0201,1
011,24,033,040,1333.0,061,071,4.0,093,0101,2.0,0121,43.0,0143,0153,2.0,0173,2,0191,0201,2
014,24,034,040,2022.0,061,073,4.0,092,0101,4.0,0123,37.0,0143,0152,1.0,0173,1,0192,0201,1
014,24,032,043,1552.0,061,074,3.0,093,0101,1.0,0123,32.0,0141,0152,1.0,0173,2,0191,0201,1
011,12,031,043,626.0,061,073,4.0,092,0101,4.0,0121,24.0,0141,0152,1.0,0172,1,0191,0201,2
014,48,034,041,8858.0,065,074,2.0,093,0101,1.0,0124,35.0,0143,0153,2.0,0173,1,0192,0201,1
014,12,034,045,996.0,065,074,4.0,092,0101,4.0,0121,23.0,0143,0152,2.0,0173,1,0191,0201,1
014,6,031,043,1750.0,063,075,2.0,093,0101,4.0,0122,45.0,0141,0152,1.0,0172,2,0191,0201,1
011,48,032,043,6999.0,061,074,1.0,094,0103,1.0,0121,34.0,0143,0152,2.0,0173,1,0192,0201,2
012,12,034,040,1995.0,062,072,4.0,093,0101,1.0,0123,27.0,0143,0152,1.0,0173,1,0191,0201,1
012,9,032,046,1199.0,061,074,4.0,092,0101,4.0,0122,67.0,0143,0152,2.0,0174,1,0192,0201,1
012,12,032,043,1331.0,061,072,2.0,093,0101,1.0,0123,22.0,0142,0152,1.0,0173,1,0191,0201,2
012,18,030,040,2278.0,062,072,3.0,092,0101,3.0,0123,28.0,0143,0152,2.0,0173,1,0191,0201,2
014,21,030,040,5003.0,065,073,1.0,092,0101,4.0,0122,29.0,0141,0152,2.0,0173,1,0192,0201,2
011,24,031,042,3552.0,061,074,3.0,093,0101,4.0,0123,27.0,0141,0152,1.0,0173,1,0191,0201,2
012,18,034,042,1928.0,061,072,2.0,093,0101,2.0,0121,31.0,0143,0152,2.0,0172,1,0191,0201,2
011,24,032,041,2964.0,065,075,4.0,093,0101,4.0,0124,49.0,0141,0153,1.0,0173,2,0192,0201,1
011,24,031,043,1546.0,061,074,4.0,093,0103,4.0,0123,24.0,0141,0151,1.0,0172,1,0191,0201,2
013,6,033,043,683.0,061,072,2.0,092,0101,1.0,0122,29.0,0141,0152,1.0,0173,1,0191,0201,1
012,36,032,040,12389.0,065,073,1.0,093,0101,4.0,0124,37.0,0143,0153,1.0,0173,1,0192,0201,2
012,24,033,049,4712.0,065,073,4.0,093,0101,2.0,0122,37.0,0141,0152,2.0,0174,1,0192,0201,1
012,24,033,043,1553.0,062,074,3.0,092,0101,2.0,0122,23.0,0143,0151,2.0,0173,1,0192,0201,1
011,12,032,040,1372.0,061,074,2.0,091,0101,3.0,0123,36.0,0143,0152,1.0,0173,1,0191,0201,2
014,24,034,043,2578.0,064,075,2.0,093,0101,2.0,0123,34.0,0143,0152,1.0,0173,1,0191,0201,1
012,48,032,043,3979.0,065,074,4.0,093,0101,1.0,0123,41.0,0143,0152,2.0,0173,2,0192,0201,1
011,48,032,043,6758.0,061,073,3.0,092,0101,2.0,0123,31.0,0143,0152,1.0,0173,1,0192,0201,2
011,24,032,042,3234.0,061,072,4.0,092,0101,4.0,0121,23.0,0143,0151,1.0,0172,1,0192,0201,2
014,30,034,043,5954.0,061,074,3.0,093,0102,2.0,0123,38.0,0143,0152,1.0,0173,1,0191,0201,1
014,24,032,041,5433.0,065,071,2.0,092,0101,4.0,0122,26.0,0143,0151,1.0,0174,1,0192,0201,1
011,15,032,049,806.0,061,073,4.0,092,0101,4.0,0122,22.0,0143,0152,1.0,0172,1,0191,0201,1
012,9,032,043,1082.0,061,075,4.0,093,0101,4.0,0123,27.0,0143,0152,2.0,0172,1,0191,0201,1
014,15,034,042,2788.0,061,074,2.0,092,0102,3.0,0123,24.0,0141,0152,2.0,0173,1,0191,0201,1
012,12,032,043,2930.0,061,074,2.0,092,0101,1.0,0121,27.0,0143,0152,1.0,0173,1,0191,0201,1
014,24,034,046,1927.0,065,073,3.0,092,0101,2.0,0123,33.0,0143,0152,2.0,0173,1,0192,0201,1
012,36,034,040,2820.0,061,072,4.0,091,0101,4.0,0123,27.0,0143,0152,2.0,0173,1,0191,0201,2
014,24,032,048,937.0,061,072,4.0,094,0101,3.0,0123,27.0,0143,0152,2.0,0172,1,0191,0201,1
012,18,034,040,1056.0,061,075,3.0,093,0103,3.0,0121,30.0,0141,0152,2.0,0173,1,0191,0201,2
012,12,034,040,3124.0,061,072,1.0,093,0101,3.0,0121,49.0,0141,0152,2.0,0172,2,0191,0201,1
014,9,032,042,1388.0,061,073,4.0,092,0101,2.0,0121,26.0,0143,0151,1.0,0173,1,0191,0201,1
012,36,032,045,2384.0,061,072,4.0,093,0101,1.0,0124,33.0,0143,0151,1.0,0172,1,0191,0201,2
014,12,032,040,2133.0,065,075,4.0,092,0101,4.0,0124,52.0,0143,0153,1.0,0174,1,0192,0201,1
011,18,032,042,2039.0,061,073,1.0,092,0101,4.0,0121,20.0,0141,0151,1.0,0173,1,0191,0201,2
011,9,034,040,2799.0,061,073,2.0,093,0101,2.0,0121,36.0,0143,0151,2.0,0173,2,0191,0201,1
011,12,032,042,1289.0,061,073,4.0,093,0103,1.0,0122,21.0,0143,0152,1.0,0172,1,0191,0201,1
011,18,032,044,1217.0,061,073,4.0,094,0101,3.0,0121,47.0,0143,0152,1.0,0172,1,0192,0201,2
011,12,034,042,2246.0,061,075,3.0,093,0101,3.0,0122,60.0,0143,0152,2.0,0173,1,0191,0201,2
011,12,034,043,385.0,061,074,4.0,092,0101,3.0,0121,58.0,0143,0152,4.0,0172,1,0192,0201,1
012,24,033,040,1965.0,065,073,4.0,092,0101,4.0,0123,42.0,0143,0151,2.0,0173,1,0192,0201,1
014,21,032,049,1572.0,064,075,4.0,092,0101,4.0,0121,36.0,0141,0152,1.0,0172,1,0191,0201,1
012,24,032,040,2718.0,061,073,3.0,092,0101,4.0,0122,20.0,0143,0151,1.0,0172,1,0192,0201,2
011,24,031,0410,1358.0,065,075,4.0,093,0101,3.0,0123,40.0,0142,0152,1.0,0174,1,0192,0201,2
012,6,031,040,931.0,062,072,1.0,092,0101,1.0,0122,32.0,0142,0152,1.0,0172,1,0191,0201,2
011,24,032,040,1442.0,061,074,4.0,092,0101,4.0,0123,23.0,0143,0151,2.0,0173,1,0191,0201,2
012,24,030,049,4241.0,061,073,1.0,093,0101,4.0,0121,36.0,0143,0152,3.0,0172,1,0192,0201,2
014,18,034,040,2775.0,061,074,2.0,093,0101,2.0,0122,31.0,0141,0152,2.0,0173,1,0191,0201,2
014,24,033,049,3863.0,061,073,1.0,093,0101,2.0,0124,32.0,0143,0153,1.0,0173,1,0191,0201,1
012,7,032,043,2329.0,061,072,1.0,092,0103,1.0,0121,45.0,0143,0152,1.0,0173,1,0191,0201,1
012,9,032,042,918.0,061,073,4.0,092,0101,1.0,0122,30.0,0143,0152,1.0,0173,1,0191,0201,2
012,24,031,046,1837.0,061,074,4.0,092,0101,4.0,0124,34.0,0141,0153,1.0,0172,1,0191,0201,2
014,36,032,042,3349.0,061,073,4.0,092,0101,2.0,0123,28.0,0143,0152,1.0,0174,1,0192,0201,2
013,10,032,042,1275.0,061,072,4.0,092,0101,2.0,0122,23.0,0143,0152,1.0,0173,1,0191,0201,1
011,24,031,042,2828.0,063,073,4.0,093,0101,4.0,0121,22.0,0142,0152,1.0,0173,1,0192,0201,1
014,24,034,049,4526.0,061,073,3.0,093,0101,2.0,0121,74.0,0143,0152,1.0,0174,1,0192,0201,1
012,36,032,043,2671.0,062,073,4.0,092,0102,4.0,0124,50.0,0143,0153,1.0,0173,1,0191,0201,2
014,18,032,043,2051.0,061,072,4.0,093,0101,1.0,0121,33.0,0143,0152,1.0,0173,1,0191,0201,1
014,15,032,041,1300.0,065,075,4.0,093,0101,4.0,0124,45.0,0141,0153,1.0,0173,2,0191,0201,1
011,12,032,044,741.0,062,071,4.0,092,0101,3.0,0122,22.0,0143,0152,1.0,0173,1,0191,0201,2
013,10,032,040,1240.0,062,075,1.0,092,0101,4.0,0124,48.0,0143,0153,1.0,0172,2,0191,0201,2
011,21,032,043,3357.0,064,072,4.0,092,0101,2.0,0123,29.0,0141,0152,1.0,0173,1,0191,0201,1
011,24,031,041,3632.0,061,073,1.0,092,0103,4.0,0123,22.0,0141,0151,1.0,0173,1,0191,0202,1
014,18,033,042,1808.0,061,074,4.0,092,0101,1.0,0121,22.0,0143,0152,1.0,0173,1,0191,0201,2
012,48,030,049,12204.0,065,073,2.0,093,0101,2.0,0123,48.0,0141,0152,1.0,0174,1,0192,0201,1
012,60,033,043,9157.0,065,073,2.0,093,0101,2.0,0124,27.0,0143,0153,1.0,0174,1,0191,0201,1
011,6,034,040,3676.0,061,073,1.0,093,0101,3.0,0121,37.0,0143,0151,3.0,0173,2,0191,0201,1
012,30,032,042,3441.0,062,073,2.0,092,0102,4.0,0123,21.0,0143,0151,1.0,0173,1,0191,0201,2
014,12,032,040,640.0,061,073,4.0,091,0101,2.0,0121,49.0,0143,0152,1.0,0172,1,0191,0201,1
012,21,034,049,3652.0,061,074,2.0,093,0101,3.0,0122,27.0,0143,0152,2.0,0173,1,0191,0201,1
014,18,034,040,1530.0,061,073,3.0,093,0101,2.0,0122,32.0,0141,0152,2.0,0173,1,0191,0201,2
014,48,032,049,3914.0,065,073,4.0,091,0101,2.0,0121,38.0,0141,0152,1.0,0173,1,0191,0201,2
011,12,032,042,1858.0,061,072,4.0,092,0101,1.0,0123,22.0,0143,0151,1.0,0173,1,0191,0201,1
011,18,032,043,2600.0,061,073,4.0,093,0101,4.0,0124,65.0,0143,0153,2.0,0173,1,0191,0201,2
014,15,032,043,1979.0,065,075,4.0,093,0101,2.0,0123,35.0,0143,0152,1.0,0173,1,0191,0201,1
013,6,032,042,2116.0,061,073,2.0,093,0101,2.0,0121,41.0,0143,0152,1.0,0173,1,0192,0201,1
012,9,031,040,1437.0,062,074,2.0,093,0101,3.0,0124,29.0,0143,0152,1.0,0173,1,0191,0201,2
014,42,034,042,4042.0,063,073,4.0,093,0101,4.0,0121,36.0,0143,0152,2.0,0173,1,0192,0201,1
014,9,032,046,3832.0,065,075,1.0,093,0101,4.0,0121,64.0,0143,0152,1.0,0172,1,0191,0201,1
011,24,032,043,3660.0,061,073,2.0,092,0101,4.0,0123,28.0,0143,0152,1.0,0173,1,0191,0201,1
011,18,031,042,1553.0,061,073,4.0,093,0101,3.0,0123,44.0,0141,0152,1.0,0173,1,0191,0201,2
012,15,032,043,1444.0,065,072,4.0,093,0101,1.0,0122,23.0,0143,0152,1.0,0173,1,0191,0201,1
014,9,032,042,1980.0,061,072,2.0,092,0102,2.0,0123,19.0,0143,0151,2.0,0173,1,0191,0201,2
012,24,032,040,1355.0,061,072,3.0,092,0101,4.0,0123,25.0,0143,0152,1.0,0172,1,0192,0201,2
014,12,032,046,1393.0,061,075,4.0,093,0101,4.0,0122,47.0,0141,0152,3.0,0173,2,0192,0201,1
014,24,032,043,1376.0,063,074,4.0,092,0101,1.0,0123,28.0,0143,0152,1.0,0173,1,0191,0201,1
014,60,033,043,15653.0,061,074,2.0,093,0101,4.0,0123,21.0,0143,0152,2.0,0173,1,0192,0201,1
014,12,032,043,1493.0,061,072,4.0,092,0101,3.0,0123,34.0,0143,0152,1.0,0173,2,0191,0201,1
011,42,033,043,4370.0,061,074,3.0,093,0101,2.0,0122,26.0,0141,0152,2.0,0173,2,0192,0201,2
011,18,032,046,750.0,061,071,4.0,092,0101,1.0,0121,27.0,0143,0152,1.0,0171,1,0191,0201,2
012,15,032,045,1308.0,061,075,4.0,093,0101,4.0,0123,38.0,0143,0152,2.0,0172,1,0191,0201,1
014,15,032,046,4623.0,062,073,3.0,093,0101,2.0,0122,40.0,0143,0152,1.0,0174,1,0192,0201,2
014,24,034,043,1851.0,061,074,4.0,094,0103,2.0,0123,33.0,0143,0152,2.0,0173,1,0192,0201,1
011,18,034,043,1880.0,061,074,4.0,094,0101,1.0,0122,32.0,0143,0152,2.0,0174,1,0192,0201,1
014,36,033,049,7980.0,065,072,4.0,093,0101,4.0,0123,27.0,0143,0151,2.0,0173,1,0192,0201,2
011,30,030,042,4583.0,061,073,2.0,091,0103,2.0,0121,32.0,0143,0152,2.0,0173,1,0191,0201,1
014,12,032,040,1386.0,063,073,2.0,092,0101,2.0,0122,26.0,0143,0152,1.0,0173,1,0191,0201,2
013,24,032,040,947.0,061,074,4.0,093,0101,3.0,0124,38.0,0141,0153,1.0,0173,2,0191,0201,2
011,12,032,046,684.0,061,073,4.0,093,0101,4.0,0123,40.0,0143,0151,1.0,0172,2,0191,0201,2
011,48,032,046,7476.0,061,074,4.0,093,0101,1.0,0124,50.0,0143,0153,1.0,0174,1,0192,0201,1
012,12,032,042,1922.0,061,073,4.0,093,0101,2.0,0122,37.0,0143,0152,1.0,0172,1,0191,0201,2
011,24,032,040,2303.0,061,075,4.0,093,0102,1.0,0121,45.0,0143,0152,1.0,0173,1,0191,0201,2
012,36,033,040,8086.0,062,075,2.0,093,0101,4.0,0123,42.0,0143,0152,4.0,0174,1,0192,0201,2
014,24,034,041,2346.0,061,074,4.0,093,0101,3.0,0123,35.0,0143,0152,2.0,0173,1,0192,0201,1
011,14,032,040,3973.0,061,071,1.0,093,0101,4.0,0124,22.0,0143,0153,1.0,0173,1,0191,0201,1
012,12,032,040,888.0,061,075,4.0,093,0101,4.0,0123,41.0,0141,0152,1.0,0172,2,0191,0201,2
014,48,032,043,10222.0,065,074,4.0,093,0101,3.0,0123,37.0,0142,0152,1.0,0173,1,0192,0201,1
012,30,030,049,4221.0,061,073,2.0,092,0101,1.0,0123,28.0,0143,0152,2.0,0173,1,0191,0201,1
012,18,034,042,6361.0,061,075,2.0,093,0101,1.0,0124,41.0,0143,0152,1.0,0173,1,0192,0201,1
013,12,032,043,1297.0,061,073,3.0,094,0101,4.0,0121,23.0,0143,0151,1.0,0173,1,0191,0201,1
011,12,032,040,900.0,065,073,4.0,094,0101,2.0,0123,23.0,0143,0152,1.0,0173,1,0191,0201,2
014,21,032,042,2241.0,061,075,4.0,093,0101,2.0,0121,50.0,0143,0152,2.0,0173,1,0191,0201,1
012,6,033,042,1050.0,061,071,4.0,093,0101,1.0,0122,35.0,0142,0152,2.0,0174,1,0192,0201,1
013,6,034,046,1047.0,061,073,2.0,092,0101,4.0,0122,50.0,0143,0152,1.0,0172,1,0191,0201,1
014,24,034,0410,6314.0,061,071,4.0,093,0102,2.0,0124,27.0,0141,0152,2.0,0174,1,0192,0201,1
012,30,031,042,3496.0,064,073,4.0,093,0101,2.0,0123,34.0,0142,0152,1.0,0173,2,0192,0201,1
014,48,031,049,3609.0,061,073,1.0,092,0101,1.0,0121,27.0,0142,0152,1.0,0173,1,0191,0201,1
011,12,034,040,4843.0,061,075,3.0,093,0102,4.0,0122,43.0,0143,0151,2.0,0173,1,0192,0201,2
013,30,034,043,3017.0,061,075,4.0,093,0101,4.0,0122,47.0,0143,0152,1.0,0173,1,0191,0201,1
014,24,034,049,4139.0,062,073,3.0,093,0101,3.0,0122,27.0,0143,0152,2.0,0172,1,0192,0201,1
014,36,032,049,5742.0,062,074,2.0,093,0101,2.0,0123,31.0,0143,0152,2.0,0173,1,0192,0201,1
014,60,032,040,10366.0,061,075,2.0,093,0101,4.0,0122,42.0,0143,0152,1.0,0174,1,0192,0201,1
014,6,034,040,2080.0,063,073,1.0,094,0101,2.0,0123,24.0,0143,0152,1.0,0173,1,0191,0201,1
014,21,033,049,2580.0,063,072,4.0,093,0101,2.0,0121,41.0,0141,0152,1.0,0172,2,0191,0201,2
014,30,034,043,4530.0,061,074,4.0,092,0101,4.0,0123,26.0,0143,0151,1.0,0174,1,0192,0201,1
014,24,034,042,5150.0,061,075,4.0,093,0101,4.0,0123,33.0,0143,0152,1.0,0173,1,0192,0201,1
012,72,032,043,5595.0,062,073,2.0,094,0101,2.0,0123,24.0,0143,0152,1.0,0173,1,0191,0201,2
011,24,032,043,2384.0,061,075,4.0,093,0101,4.0,0121,64.0,0141,0151,1.0,0172,1,0191,0201,1
014,18,032,043,1453.0,061,072,3.0,092,0101,1.0,0121,26.0,0143,0152,1.0,0173,1,0191,0201,1
014,6,032,046,1538.0,061,072,1.0,092,0101,2.0,0124,56.0,0143,0152,1.0,0173,1,0191,0201,1
014,12,032,043,2279.0,065,073,4.0,093,0101,4.0,0124,37.0,0143,0153,1.0,0173,1,0192,0201,1
014,15,033,043,1478.0,061,073,4.0,094,0101,3.0,0121,33.0,0141,0152,2.0,0173,1,0191,0201,1
014,24,034,043,5103.0,061,072,3.0,094,0101,3.0,0124,47.0,0143,0153,3.0,0173,1,0192,0201,1
012,36,033,049,9857.0,062,074,1.0,093,0101,3.0,0122,31.0,0143,0152,2.0,0172,2,0192,0201,1
014,60,032,040,6527.0,065,073,4.0,093,0101,4.0,0124,34.0,0143,0153,1.0,0173,2,0192,0201,1
013,10,034,043,1347.0,065,074,4.0,093,0101,2.0,0122,27.0,0143,0152,2.0,0173,1,0192,0201,1
012,36,033,040,2862.0,062,075,4.0,093,0101,3.0,0124,30.0,0143,0153,1.0,0173,1,0191,0201,1
014,9,032,043,2753.0,062,075,3.0,093,0102,4.0,0123,35.0,0143,0152,1.0,0173,1,0192,0201,1
011,12,032,040,3651.0,064,073,1.0,093,0101,3.0,0122,31.0,0143,0152,1.0,0173,2,0191,0201,1
011,15,034,042,975.0,061,073,2.0,091,0101,3.0,0122,25.0,0143,0152,2.0,0173,1,0191,0201,1
012,15,032,045,2631.0,062,073,3.0,092,0101,2.0,0121,25.0,0143,0152,1.0,0172,1,0191,0201,1
012,24,032,043,2896.0,062,072,2.0,093,0101,1.0,0123,29.0,0143,0152,1.0,0173,1,0191,0201,1
011,6,034,040,4716.0,065,072,1.0,093,0101,3.0,0121,44.0,0143,0152,2.0,0172,2,0191,0201,1
014,24,032,043,2284.0,061,074,4.0,093,0101,2.0,0123,28.0,0143,0152,1.0,0173,1,0192,0201,1
014,6,032,041,1236.0,063,073,2.0,093,0101,4.0,0122,50.0,0143,0151,1.0,0173,1,0191,0201,1
012,12,032,043,1103.0,061,074,4.0,093,0103,3.0,0121,29.0,0143,0152,2.0,0173,1,0191,0202,1
014,12,034,040,926.0,061,071,1.0,092,0101,2.0,0122,38.0,0143,0152,1.0,0171,1,0191,0201,1
014,18,034,043,1800.0,061,073,4.0,093,0101,2.0,0123,24.0,0143,0152,2.0,0173,1,0191,0201,1
013,15,032,046,1905.0,061,075,4.0,093,0101,4.0,0123,40.0,0143,0151,1.0,0174,1,0192,0201,1
014,12,032,042,1123.0,063,073,4.0,092,0101,4.0,0123,29.0,0143,0151,1.0,0172,1,0191,0201,2
011,48,034,041,6331.0,061,075,4.0,093,0101,4.0,0124,46.0,0143,0153,2.0,0173,1,0192,0201,2
013,24,032,043,1377.0,062,075,4.0,092,0101,2.0,0124,47.0,0143,0153,1.0,0173,1,0192,0201,1
012,30,033,049,2503.0,062,075,4.0,093,0101,2.0,0122,41.0,0142,0152,2.0,0173,1,0191,0201,1
012,27,032,049,2528.0,061,072,4.0,092,0101,1.0,0122,32.0,0143,0152,1.0,0173,2,0192,0201,1
014,15,032,040,5324.0,063,075,1.0,092,0101,4.0,0124,35.0,0143,0153,1.0,0173,1,0191,0201,1
012,48,032,040,6560.0,062,074,3.0,093,0101,2.0,0122,24.0,0143,0152,1.0,0173,1,0191,0201,2
012,12,030,042,2969.0,061,072,4.0,092,0101,3.0,0122,25.0,0143,0151,2.0,0173,1,0191,0201,2
012,9,032,043,1206.0,061,075,4.0,092,0101,4.0,0121,25.0,0143,0152,1.0,0173,1,0191,0201,1
012,9,032,043,2118.0,061,073,2.0,093,0101,2.0,0121,37.0,0143,0152,1.0,0172,2,0191,0201,1
014,18,034,043,629.0,063,075,4.0,093,0101,3.0,0122,32.0,0141,0152,2.0,0174,1,0192,0201,1
011,6,031,046,1198.0,061,075,4.0,092,0101,4.0,0124,35.0,0143,0153,1.0,0173,1,0191,0201,2
014,21,032,041,2476.0,065,075,4.0,093,0101,4.0,0121,46.0,0143,0152,1.0,0174,1,0192,0201,1
011,9,034,043,1138.0,061,073,4.0,093,0101,4.0,0121,25.0,0143,0152,2.0,0172,1,0191,0201,1
012,60,032,040,14027.0,061,074,4.0,093,0101,2.0,0124,27.0,0143,0152,1.0,0174,1,0192,0201,2
014,30,034,041,7596.0,065,075,1.0,093,0101,4.0,0123,63.0,0143,0152,2.0,0173,1,0191,0201,1
014,30,034,043,3077.0,065,075,3.0,093,0101,2.0,0123,40.0,0143,0152,2.0,0173,2,0192,0201,1
014,18,032,043,1505.0,061,073,4.0,093,0101,2.0,0124,32.0,0143,0153,1.0,0174,1,0192,0201,1
013,24,034,043,3148.0,065,073,3.0,093,0101,2.0,0123,31.0,0143,0152,2.0,0173,1,0192,0201,1
012,20,030,041,6148.0,062,075,3.0,094,0101,4.0,0123,31.0,0141,0152,2.0,0173,1,0192,0201,1
013,9,030,043,1337.0,061,072,4.0,093,0101,2.0,0123,34.0,0143,0152,2.0,0174,1,0192,0201,2
012,6,031,046,433.0,064,072,4.0,092,0101,2.0,0122,24.0,0141,0151,1.0,0173,2,0191,0201,2
011,12,032,040,1228.0,061,073,4.0,092,0101,2.0,0121,24.0,0143,0152,1.0,0172,1,0191,0201,2
012,9,032,043,790.0,063,073,4.0,092,0101,3.0,0121,66.0,0143,0152,1.0,0172,1,0191,0201,1
014,27,032,040,2570.0,061,073,3.0,092,0101,3.0,0121,21.0,0143,0151,1.0,0173,1,0191,0201,2
014,6,034,040,250.0,064,073,2.0,092,0101,2.0,0121,41.0,0141,0152,2.0,0172,1,0191,0201,1
014,15,034,043,1316.0,063,073,2.0,094,0101,2.0,0122,47.0,0143,0152,2.0,0172,1,0191,0201,1
011,18,032,043,1882.0,061,073,4.0,092,0101,4.0,0123,25.0,0141,0151,2.0,0173,1,0191,0201,2
012,48,031,049,6416.0,061,075,4.0,092,0101,3.0,0124,59.0,0143,0151,1.0,0173,1,0191,0201,2
013,24,034,049,1275.0,064,073,2.0,091,0101,4.0,0121,36.0,0143,0152,2.0,0173,1,0192,0201,1
012,24,033,043,6403.0,061,072,1.0,093,0101,2.0,0123,33.0,0143,0152,1.0,0173,1,0191,0201,1
011,24,032,043,1987.0,061,073,2.0,093,0101,4.0,0121,21.0,0143,0151,1.0,0172,2,0191,0201,2
012,8,032,043,760.0,061,074,4.0,092,0103,2.0,0121,44.0,0143,0152,1.0,0172,1,0191,0201,1
014,24,032,041,2603.0,064,073,2.0,092,0101,4.0,0123,28.0,0143,0151,1.0,0173,1,0192,0201,1
014,4,034,040,3380.0,061,074,1.0,092,0101,1.0,0121,37.0,0143,0152,1.0,0173,2,0191,0201,1
012,36,031,044,3990.0,065,072,3.0,092,0101,2.0,0124,29.0,0141,0152,1.0,0171,1,0191,0201,1
012,24,032,041,11560.0,061,073,1.0,092,0101,4.0,0123,23.0,0143,0151,2.0,0174,1,0191,0201,2
011,18,032,040,4380.0,062,073,3.0,093,0101,4.0,0123,35.0,0143,0152,1.0,0172,2,0192,0201,1
014,6,034,040,6761.0,061,074,1.0,093,0101,3.0,0124,45.0,0143,0152,2.0,0174,2,0192,0201,1
012,30,030,049,4280.0,062,073,4.0,092,0101,4.0,0123,26.0,0143,0151,2.0,0172,1,0191,0201,2
011,24,031,040,2325.0,062,074,2.0,093,0101,3.0,0123,32.0,0141,0152,1.0,0173,1,0191,0201,1
012,10,031,043,1048.0,061,073,4.0,093,0101,4.0,0121,23.0,0142,0152,1.0,0172,1,0191,0201,1
014,21,032,043,3160.0,065,075,4.0,093,0101,3.0,0122,41.0,0143,0152,1.0,0173,1,0192,0201,1
011,24,031,042,2483.0,063,073,4.0,093,0101,4.0,0121,22.0,0142,0152,1.0,0173,1,0192,0201,1
011,39,034,042,14179.0,065,074,4.0,093,0101,4.0,0122,30.0,0143,0152,2.0,0174,1,0192,0201,1
011,13,034,049,1797.0,061,072,3.0,093,0101,1.0,0122,28.0,0141,0152,2.0,0172,1,0191,0201,1
011,15,032,040,2511.0,061,071,1.0,092,0101,4.0,0123,23.0,0143,0151,1.0,0173,1,0191,0201,1
011,12,032,040,1274.0,061,072,3.0,092,0101,1.0,0121,37.0,0143,0152,1.0,0172,1,0191,0201,2
014,21,032,041,5248.0,065,073,1.0,093,0101,3.0,0123,26.0,0143,0152,1.0,0173,1,0191,0201,1
014,15,032,041,3029.0,061,074,2.0,093,0101,2.0,0123,33.0,0143,0152,1.0,0173,1,0191,0201,1
011,6,032,042,428.0,061,075,2.0,092,0101,1.0,0122,49.0,0141,0152,1.0,0173,1,0192,0201,1
011,18,032,040,976.0,061,072,1.0,092,0101,2.0,0123,23.0,0143,0152,1.0,0172,1,0191,0201,2
012,12,032,049,841.0,062,074,2.0,092,0101,4.0,0121,23.0,0143,0151,1.0,0172,1,0191,0201,1
014,30,034,043,5771.0,061,074,4.0,092,0101,2.0,0123,25.0,0143,0152,2.0,0173,1,0191,0201,1
014,12,033,045,1555.0,064,075,4.0,093,0101,4.0,0124,55.0,0143,0153,2.0,0173,2,0191,0201,2
011,24,032,040,1285.0,065,074,4.0,092,0101,4.0,0124,32.0,0143,0151,1.0,0173,1,0191,0201,2
013,6,034,040,1299.0,061,073,1.0,093,0101,1.0,0121,74.0,0143,0152,3.0,0171,2,0191,0202,1
013,15,034,043,1271.0,065,073,3.0,093,0101,4.0,0124,39.0,0143,0153,2.0,0173,1,0192,0201,2
014,24,032,040,1393.0,061,073,2.0,093,0103,2.0,0121,31.0,0143,0152,1.0,0173,1,0192,0201,1
011,12,034,040,691.0,061,075,4.0,093,0101,3.0,0122,35.0,0143,0152,2.0,0173,1,0191,0201,2
014,15,034,040,5045.0,065,075,1.0,092,0101,4.0,0123,59.0,0143,0152,1.0,0173,1,0192,0201,1
011,18,034,042,2124.0,061,073,4.0,092,0101,4.0,0121,24.0,0143,0151,2.0,0173,1,0191,0201,2
011,12,032,043,2214.0,061,073,4.0,093,0101,3.0,0122,24.0,0143,0152,1.0,0172,1,0191,0201,1
014,21,034,040,12680.0,065,075,4.0,093,0101,4.0,0124,30.0,0143,0153,1.0,0174,1,0192,0201,2
014,24,034,040,2463.0,062,074,4.0,094,0101,3.0,0122,27.0,0143,0152,2.0,0173,1,0192,0201,1
012,12,032,043,1155.0,061,075,3.0,094,0103,3.0,0121,40.0,0141,0152,2.0,0172,1,0191,0201,1
011,30,032,042,3108.0,061,072,2.0,091,0101,4.0,0122,31.0,0143,0152,1.0,0172,1,0191,0201,2
014,10,032,041,2901.0,065,072,1.0,092,0101,4.0,0121,31.0,0143,0151,1.0,0173,1,0191,0201,1
012,12,034,042,3617.0,061,075,1.0,093,0101,4.0,0123,28.0,0143,0151,3.0,0173,1,0192,0201,1
014,12,034,043,1655.0,061,075,2.0,093,0101,4.0,0121,63.0,0143,0152,2.0,0172,1,0192,0201,1
011,24,032,041,2812.0,065,075,2.0,092,0101,4.0,0121,26.0,0143,0151,1.0,0173,1,0191,0201,1
011,36,034,046,8065.0,061,073,3.0,092,0101,2.0,0124,25.0,0143,0152,2.0,0174,1,0192,0201,2
014,21,034,041,3275.0,061,075,1.0,093,0101,4.0,0123,36.0,0143,0152,1.0,0174,1,0192,0201,1
014,24,034,043,2223.0,062,075,4.0,093,0101,4.0,0122,52.0,0141,0152,2.0,0173,1,0191,0201,1
013,12,034,040,1480.0,063,071,2.0,093,0101,4.0,0124,66.0,0141,0153,3.0,0171,1,0191,0201,1
011,24,032,040,1371.0,065,073,4.0,092,0101,4.0,0121,25.0,0143,0151,1.0,0173,1,0191,0201,2
014,36,034,040,3535.0,061,074,4.0,093,0101,4.0,0123,37.0,0143,0152,2.0,0173,1,0192,0201,1
011,18,032,043,3509.0,061,074,4.0,092,0103,1.0,0121,25.0,0143,0152,1.0,0173,1,0191,0201,1
014,36,034,041,5711.0,064,075,4.0,093,0101,2.0,0123,38.0,0143,0152,2.0,0174,1,0192,0201,1
012,18,032,045,3872.0,061,071,2.0,092,0101,4.0,0123,67.0,0143,0152,1.0,0173,1,0192,0201,1
012,39,034,043,4933.0,061,074,2.0,093,0103,2.0,0121,25.0,0143,0152,2.0,0173,1,0191,0201,2
014,24,034,040,1940.0,064,075,4.0,093,0101,4.0,0121,60.0,0143,0152,1.0,0173,1,0192,0201,1
012,12,030,048,1410.0,061,073,2.0,093,0101,2.0,0121,31.0,0143,0152,1.0,0172,1,0192,0201,1
012,12,032,040,836.0,062,072,4.0,092,0101,2.0,0122,23.0,0141,0152,1.0,0172,1,0191,0201,2
012,20,032,041,6468.0,065,071,1.0,091,0101,4.0,0121,60.0,0143,0152,1.0,0174,1,0192,0201,1
012,18,032,049,1941.0,064,073,4.0,093,0101,2.0,0122,35.0,0143,0152,1.0,0172,1,0192,0201,1
014,22,032,043,2675.0,063,075,3.0,093,0101,4.0,0123,40.0,0143,0152,1.0,0173,1,0191,0201,1
014,48,034,041,2751.0,065,075,4.0,093,0101,3.0,0123,38.0,0143,0152,2.0,0173,2,0192,0201,1
012,48,033,046,6224.0,061,075,4.0,093,0101,4.0,0124,50.0,0143,0153,1.0,0173,1,0191,0201,2
011,40,034,046,5998.0,061,073,4.0,093,0101,3.0,0124,27.0,0141,0152,1.0,0173,1,0192,0201,2
012,21,032,049,1188.0,061,075,2.0,092,0101,4.0,0122,39.0,0143,0152,1.0,0173,2,0191,0201,2
014,24,032,041,6313.0,065,075,3.0,093,0101,4.0,0123,41.0,0143,0152,1.0,0174,2,0192,0201,1
014,6,034,042,1221.0,065,073,1.0,094,0101,2.0,0122,27.0,0143,0152,2.0,0173,1,0191,0201,1
013,24,032,042,2892.0,061,075,3.0,091,0101,4.0,0124,51.0,0143,0153,1.0,0173,1,0191,0201,1
014,24,032,042,3062.0,063,075,4.0,093,0101,3.0,0124,32.0,0143,0151,1.0,0173,1,0192,0201,1
014,9,032,042,2301.0,062,072,2.0,092,0101,4.0,0122,22.0,0143,0151,1.0,0173,1,0191,0201,1
011,18,032,041,7511.0,065,075,1.0,093,0101,4.0,0122,51.0,0143,0153,1.0,0173,2,0192,0201,2
014,12,034,042,1258.0,061,072,2.0,092,0101,4.0,0122,22.0,0143,0151,2.0,0172,1,0191,0201,1
014,24,033,040,717.0,065,075,4.0,094,0101,4.0,0123,54.0,0143,0152,2.0,0173,1,0192,0201,1
012,9,032,040,1549.0,065,072,4.0,093,0101,2.0,0121,35.0,0143,0152,1.0,0171,1,0191,0201,1
014,24,034,046,1597.0,061,075,4.0,093,0101,4.0,0124,54.0,0143,0153,2.0,0173,2,0191,0201,1
012,18,034,043,1795.0,061,075,3.0,092,0103,4.0,0121,48.0,0141,0151,2.0,0172,1,0192,0201,1
011,20,034,042,4272.0,061,075,1.0,092,0101,4.0,0122,24.0,0143,0152,2.0,0173,1,0191,0201,1
014,12,034,043,976.0,065,075,4.0,093,0101,4.0,0123,35.0,0143,0152,2.0,0173,1,0191,0201,1
012,12,032,040,7472.0,065,071,1.0,092,0101,2.0,0121,24.0,0143,0151,1.0,0171,1,0191,0201,1
011,36,032,040,9271.0,061,074,2.0,093,0101,1.0,0123,24.0,0143,0152,1.0,0173,1,0192,0201,2
012,6,032,043,590.0,061,072,3.0,094,0101,3.0,0121,26.0,0143,0152,1.0,0172,1,0191,0202,1
014,12,034,043,930.0,065,075,4.0,093,0101,4.0,0121,65.0,0143,0152,4.0,0173,1,0191,0201,1
012,42,031,041,9283.0,061,071,1.0,093,0101,2.0,0124,55.0,0141,0153,1.0,0174,1,0192,0201,1
012,15,030,040,1778.0,061,072,2.0,092,0101,1.0,0121,26.0,0143,0151,2.0,0171,1,0191,0201,2
012,8,032,049,907.0,061,072,3.0,094,0101,2.0,0121,26.0,0143,0152,1.0,0173,1,0192,0201,1
012,6,032,043,484.0,061,074,3.0,094,0103,3.0,0121,28.0,0141,0152,1.0,0172,1,0191,0201,1
011,36,034,041,9629.0,061,074,4.0,093,0101,4.0,0123,24.0,0143,0152,2.0,0173,1,0192,0201,2
011,48,032,044,3051.0,061,073,3.0,093,0101,4.0,0123,54.0,0143,0152,1.0,0173,1,0191,0201,2
011,48,032,040,3931.0,061,074,4.0,093,0101,4.0,0124,46.0,0143,0153,1.0,0173,2,0191,0201,2
012,36,033,040,7432.0,061,073,2.0,092,0101,2.0,0122,54.0,0143,0151,1.0,0173,1,0191,0201,1
014,6,032,044,1338.0,063,073,1.0,091,0101,4.0,0121,62.0,0143,0152,1.0,0173,1,0191,0201,1
014,6,034,043,1554.0,061,074,1.0,092,0101,2.0,0123,24.0,0143,0151,2.0,0173,1,0192,0201,1
011,36,032,0410,15857.0,061,071,2.0,091,0102,3.0,0123,43.0,0143,0152,1.0,0174,1,0191,0201,1
011,18,032,043,1345.0,061,073,4.0,094,0101,3.0,0121,26.0,0141,0152,1.0,0173,1,0191,0201,2
014,12,032,040,1101.0,061,073,3.0,094,0101,2.0,0121,27.0,0143,0152,2.0,0173,1,0192,0201,1
013,12,032,043,3016.0,061,073,3.0,094,0101,1.0,0123,24.0,0143,0152,1.0,0173,1,0191,0201,1
011,36,032,042,2712.0,061,075,2.0,093,0101,2.0,0122,41.0,0141,0152,1.0,0173,2,0191,0201,2
011,8,034,040,731.0,061,075,4.0,093,0101,4.0,0121,47.0,0143,0152,2.0,0172,1,0191,0201,1
014,18,034,042,3780.0,061,072,3.0,091,0101,2.0,0123,35.0,0143,0152,2.0,0174,1,0192,0201,1
011,21,034,040,1602.0,061,075,4.0,094,0101,3.0,0123,30.0,0143,0152,2.0,0173,1,0192,0201,1
011,18,034,040,3966.0,061,075,1.0,092,0101,4.0,0121,33.0,0141,0151,3.0,0173,1,0192,0201,2
014,18,030,049,4165.0,061,073,2.0,093,0101,2.0,0123,36.0,0142,0152,2.0,0173,2,0191,0201,2
011,36,032,041,8335.0,065,075,3.0,093,0101,4.0,0124,47.0,0143,0153,1.0,0173,1,0191,0201,2
012,48,033,049,6681.0,065,073,4.0,093,0101,4.0,0124,38.0,0143,0153,1.0,0173,2,0192,0201,1
014,24,033,049,2375.0,063,073,4.0,093,0101,2.0,0123,44.0,0143,0152,2.0,0173,2,0192,0201,1
011,18,032,040,1216.0,061,072,4.0,092,0101,3.0,0123,23.0,0143,0151,1.0,0173,1,0192,0201,2
011,45,030,049,11816.0,061,075,2.0,093,0101,4.0,0123,29.0,0143,0151,2.0,0173,1,0191,0201,2
012,24,032,043,5084.0,065,075,2.0,092,0101,4.0,0123,42.0,0143,0152,1.0,0173,1,0192,0201,1
013,15,032,043,2327.0,061,072,2.0,092,0101,3.0,0121,25.0,0143,0152,1.0,0172,1,0191,0201,2
011,12,030,040,1082.0,061,073,4.0,093,0101,4.0,0123,48.0,0141,0152,2.0,0173,1,0191,0201,2
014,12,032,043,886.0,065,073,4.0,092,0101,2.0,0123,21.0,0143,0152,1.0,0173,1,0191,0201,1
014,4,032,042,601.0,061,072,1.0,092,0101,3.0,0121,23.0,0143,0151,1.0,0172,2,0191,0201,1
011,24,034,041,2957.0,061,075,4.0,093,0101,4.0,0122,63.0,0143,0152,2.0,0173,1,0192,0201,1
014,24,034,043,2611.0,061,075,4.0,094,0102,3.0,0121,46.0,0143,0152,2.0,0173,1,0191,0201,1
011,36,032,042,5179.0,061,074,4.0,093,0101,2.0,0122,29.0,0143,0152,1.0,0173,1,0191,0201,2
014,21,033,041,2993.0,061,073,3.0,093,0101,2.0,0121,28.0,0142,0152,2.0,0172,1,0191,0201,1
014,18,032,045,1943.0,061,072,4.0,092,0101,4.0,0121,23.0,0143,0152,1.0,0173,1,0191,0201,2
014,24,031,049,1559.0,061,074,4.0,093,0101,4.0,0123,50.0,0141,0152,1.0,0173,1,0192,0201,1
014,18,032,042,3422.0,061,075,4.0,093,0101,4.0,0122,47.0,0141,0152,3.0,0173,2,0192,0201,1
012,21,032,042,3976.0,065,074,2.0,093,0101,3.0,0123,35.0,0143,0152,1.0,0173,1,0192,0201,1
014,18,032,040,6761.0,065,073,2.0,093,0101,4.0,0123,68.0,0143,0151,2.0,0173,1,0191,0201,2
014,24,032,040,1249.0,061,072,4.0,094,0101,2.0,0121,28.0,0143,0152,1.0,0173,1,0191,0201,1
011,9,032,043,1364.0,061,074,3.0,093,0101,4.0,0121,59.0,0143,0152,1.0,0173,1,0191,0201,1
011,12,032,043,709.0,061,075,4.0,093,0101,4.0,0121,57.0,0142,0152,1.0,0172,1,0191,0201,2
011,20,034,040,2235.0,061,073,4.0,094,0103,2.0,0122,33.0,0141,0151,2.0,0173,1,0191,0202,2
014,24,034,041,4042.0,065,074,3.0,093,0101,4.0,0122,43.0,0143,0152,2.0,0173,1,0192,0201,1
014,15,034,043,1471.0,061,073,4.0,093,0101,4.0,0124,35.0,0143,0153,2.0,0173,1,0192,0201,1
011,18,031,040,1442.0,061,074,4.0,093,0101,4.0,0124,32.0,0143,0153,2.0,0172,2,0191,0201,2
014,36,033,040,10875.0,061,075,2.0,093,0101,2.0,0123,45.0,0143,0152,2.0,0173,2,0192,0201,1
014,24,032,040,1474.0,062,072,4.0,094,0101,3.0,0121,33.0,0143,0152,1.0,0173,1,0192,0201,1
014,10,032,048,894.0,065,074,4.0,092,0101,3.0,0122,40.0,0143,0152,1.0,0173,1,0192,0201,1
014,15,034,042,3343.0,061,073,4.0,093,0101,2.0,0124,28.0,0143,0153,1.0,0173,1,0192,0201,1
011,15,032,040,3959.0,061,073,3.0,092,0101,2.0,0122,29.0,0143,0152,1.0,0173,1,0192,0201,2
014,9,032,040,3577.0,062,073,1.0,093,0103,2.0,0121,26.0,0143,0151,1.0,0173,2,0191,0202,1
014,24,034,041,5804.0,064,073,4.0,093,0101,2.0,0121,27.0,0143,0152,2.0,0173,1,0191,0201,1
014,18,033,049,2169.0,061,073,4.0,094,0101,2.0,0123,28.0,0143,0152,1.0,0173,1,0192,0201,2
011,24,032,043,2439.0,061,072,4.0,092,0101,4.0,0121,35.0,0143,0152,1.0,0173,1,0192,0201,2
014,27,034,042,4526.0,064,072,4.0,093,0101,2.0,0121,32.0,0142,0152,2.0,0172,2,0192,0201,1
014,10,032,042,2210.0,061,073,2.0,093,0101,2.0,0121,25.0,0141,0151,1.0,0172,1,0191,0201,2
014,15,032,042,2221.0,063,073,2.0,092,0101,4.0,0123,20.0,0143,0151,1.0,0173,1,0191,0201,1
011,18,032,043,2389.0,061,072,4.0,092,0101,1.0,0123,27.0,0142,0152,1.0,0173,1,0191,0201,1
014,12,034,042,3331.0,061,075,2.0,093,0101,4.0,0122,42.0,0142,0152,1.0,0173,1,0191,0201,1
014,36,032,049,7409.0,065,075,3.0,093,0101,2.0,0122,37.0,0143,0152,2.0,0173,1,0191,0201,1
011,12,032,042,652.0,061,075,4.0,092,0101,4.0,0122,24.0,0143,0151,1.0,0173,1,0191,0201,1
014,36,033,042,7678.0,063,074,2.0,092,0101,4.0,0123,40.0,0143,0152,2.0,0173,1,0192,0201,1
013,6,034,040,1343.0,061,075,1.0,093,0101,4.0,0121,46.0,0143,0152,2.0,0173,2,0191,0202,1
011,24,034,049,1382.0,062,074,4.0,093,0101,1.0,0121,26.0,0143,0152,2.0,0173,1,0192,0201,1
014,15,032,044,874.0,065,072,4.0,092,0101,1.0,0121,24.0,0143,0152,1.0,0173,1,0191,0201,1
011,12,032,042,3590.0,061,073,2.0,093,0102,2.0,0122,29.0,0143,0152,1.0,0172,2,0191,0201,1
012,11,034,040,1322.0,064,073,4.0,092,0101,4.0,0123,40.0,0143,0152,2.0,0173,1,0191,0201,1
011,18,031,043,1940.0,061,072,3.0,093,0102,4.0,0124,36.0,0141,0153,1.0,0174,1,0192,0201,1
014,36,032,043,3595.0,061,075,4.0,093,0101,2.0,0123,28.0,0143,0152,1.0,0173,1,0191,0201,1
011,9,032,040,1422.0,061,072,3.0,093,0101,2.0,0124,27.0,0143,0153,1.0,0174,1,0192,0201,2
014,30,034,043,6742.0,065,074,2.0,093,0101,3.0,0122,36.0,0143,0152,2.0,0173,1,0191,0201,1
014,24,032,041,7814.0,061,074,3.0,093,0101,3.0,0123,38.0,0143,0152,1.0,0174,1,0192,0201,1
014,24,032,041,9277.0,065,073,2.0,091,0101,4.0,0124,48.0,0143,0153,1.0,0173,1,0192,0201,1
012,30,034,040,2181.0,065,075,4.0,093,0101,4.0,0121,36.0,0143,0152,2.0,0173,1,0191,0201,1
014,18,034,043,1098.0,061,071,4.0,092,0101,4.0,0123,65.0,0143,0152,2.0,0171,1,0191,0201,1
012,24,032,042,4057.0,061,074,3.0,091,0101,3.0,0123,43.0,0143,0152,1.0,0173,1,0192,0201,2
011,12,032,046,795.0,061,072,4.0,092,0101,4.0,0122,53.0,0143,0152,1.0,0173,1,0191,0201,2
012,24,034,049,2825.0,065,074,4.0,093,0101,3.0,0124,34.0,0143,0152,2.0,0173,2,0192,0201,1
012,48,032,049,15672.0,061,073,2.0,093,0101,2.0,0123,23.0,0143,0152,1.0,0173,1,0192,0201,2
014,36,034,040,6614.0,061,075,4.0,093,0101,4.0,0123,34.0,0143,0152,2.0,0174,1,0192,0201,1
014,28,031,041,7824.0,065,072,3.0,093,0103,4.0,0121,40.0,0141,0151,2.0,0173,2,0192,0201,1
011,27,034,049,2442.0,061,075,4.0,093,0101,4.0,0123,43.0,0142,0152,4.0,0174,2,0192,0201,1
014,15,034,043,1829.0,061,075,4.0,093,0101,4.0,0123,46.0,0143,0152,2.0,0173,1,0192,0201,1
011,12,034,040,2171.0,061,073,4.0,093,0101,4.0,0122,38.0,0141,0152,2.0,0172,1,0191,0202,1
012,36,034,041,5800.0,061,073,3.0,093,0101,4.0,0123,34.0,0143,0152,2.0,0173,1,0192,0201,1
014,18,034,043,1169.0,065,073,4.0,093,0101,3.0,0122,29.0,0143,0152,2.0,0173,1,0192,0201,1
014,36,033,041,8947.0,065,074,3.0,093,0101,2.0,0123,31.0,0142,0152,1.0,0174,2,0192,0201,1
011,21,032,043,2606.0,061,072,4.0,092,0101,4.0,0122,28.0,0143,0151,1.0,0174,1,0192,0201,1
014,12,034,042,1592.0,064,074,3.0,092,0101,2.0,0122,35.0,0143,0152,1.0,0173,1,0191,0202,1
014,15,032,042,2186.0,065,074,1.0,092,0101,4.0,0121,33.0,0141,0151,1.0,0172,1,0191,0201,1
011,18,032,042,4153.0,061,073,2.0,093,0102,3.0,0123,42.0,0143,0152,1.0,0173,1,0191,0201,2
011,16,034,040,2625.0,061,075,2.0,093,0103,4.0,0122,43.0,0141,0151,1.0,0173,1,0192,0201,2
014,20,034,040,3485.0,065,072,2.0,091,0101,4.0,0121,44.0,0143,0152,2.0,0173,1,0192,0201,1
014,36,034,041,10477.0,065,075,2.0,093,0101,4.0,0124,42.0,0143,0153,2.0,0173,1,0191,0201,1
014,15,032,043,1386.0,065,073,4.0,094,0101,2.0,0121,40.0,0143,0151,1.0,0173,1,0192,0201,1
014,24,032,043,1278.0,061,075,4.0,093,0101,1.0,0121,36.0,0143,0152,1.0,0174,1,0192,0201,1
011,12,032,043,1107.0,061,073,2.0,093,0101,2.0,0121,20.0,0143,0151,1.0,0174,2,0192,0201,1
011,21,032,040,3763.0,065,074,2.0,093,0102,2.0,0121,24.0,0143,0152,1.0,0172,1,0191,0202,1
012,36,032,046,3711.0,065,073,2.0,094,0101,2.0,0123,27.0,0143,0152,1.0,0173,1,0191,0201,1
014,15,033,041,3594.0,061,072,1.0,092,0101,2.0,0122,46.0,0143,0152,2.0,0172,1,0191,0201,1
012,9,032,040,3195.0,065,073,1.0,092,0101,2.0,0121,33.0,0143,0152,1.0,0172,1,0191,0201,1
014,36,033,043,4454.0,061,073,4.0,092,0101,4.0,0121,34.0,0143,0152,2.0,0173,1,0191,0201,1
012,24,034,042,4736.0,061,072,2.0,092,0101,4.0,0123,25.0,0141,0152,1.0,0172,1,0191,0201,2
012,30,032,043,2991.0,065,075,2.0,092,0101,4.0,0123,25.0,0143,0152,1.0,0173,1,0191,0201,1
014,11,032,049,2142.0,064,075,1.0,091,0101,2.0,0121,28.0,0143,0152,1.0,0173,1,0192,0201,1
011,24,031,049,3161.0,061,073,4.0,093,0101,2.0,0122,31.0,0143,0151,1.0,0173,1,0192,0201,2
012,48,030,0410,18424.0,061,073,1.0,092,0101,2.0,0122,32.0,0141,0152,1.0,0174,1,0192,0202,2
014,10,032,041,2848.0,062,073,1.0,093,0102,2.0,0121,32.0,0143,0152,1.0,0173,2,0191,0201,1
011,6,032,040,14896.0,061,075,1.0,093,0101,4.0,0124,68.0,0141,0152,1.0,0174,1,0192,0201,2
011,24,032,042,2359.0,062,071,1.0,091,0101,1.0,0122,33.0,0143,0152,1.0,0173,1,0191,0201,2
011,24,032,042,3345.0,061,075,4.0,093,0101,2.0,0122,39.0,0143,0151,1.0,0174,1,0192,0201,2
014,18,034,042,1817.0,061,073,4.0,092,0101,2.0,0124,28.0,0143,0152,2.0,0173,1,0191,0201,1
014,48,033,043,12749.0,063,074,4.0,093,0101,1.0,0123,37.0,0143,0152,1.0,0174,1,0192,0201,1
011,9,032,043,1366.0,061,072,3.0,092,0101,4.0,0122,22.0,0143,0151,1.0,0173,1,0191,0201,2
012,12,032,040,2002.0,061,074,3.0,093,0101,4.0,0122,30.0,0143,0151,1.0,0173,2,0192,0201,1
011,24,031,042,6872.0,061,072,2.0,091,0101,1.0,0122,55.0,0141,0152,1.0,0173,1,0192,0201,2
011,12,031,040,697.0,061,072,4.0,093,0101,2.0,0123,46.0,0141,0152,2.0,0173,1,0192,0201,2
011,18,034,042,1049.0,061,072,4.0,092,0101,4.0,0122,21.0,0143,0151,1.0,0173,1,0191,0201,1
011,48,032,041,10297.0,061,074,4.0,093,0101,4.0,0124,39.0,0142,0153,3.0,0173,2,0192,0201,2
014,30,032,043,1867.0,065,075,4.0,093,0101,4.0,0123,58.0,0143,0152,1.0,0173,1,0192,0201,1
011,12,033,040,1344.0,061,073,4.0,093,0101,2.0,0121,43.0,0143,0152,2.0,0172,2,0191,0201,1
011,24,032,042,1747.0,061,072,4.0,093,0102,1.0,0122,24.0,0143,0152,1.0,0172,1,0191,0202,1
012,9,032,043,1670.0,061,072,4.0,092,0101,2.0,0123,22.0,0143,0152,1.0,0173,1,0192,0201,2
014,9,034,040,1224.0,061,073,3.0,093,0101,1.0,0121,30.0,0143,0152,2.0,0173,1,0191,0201,1
014,12,034,043,522.0,063,075,4.0,093,0101,4.0,0122,42.0,0143,0152,2.0,0173,2,0192,0201,1
011,12,032,043,1498.0,061,073,4.0,092,0101,1.0,0123,23.0,0141,0152,1.0,0173,1,0191,0201,1
012,30,033,043,1919.0,062,072,4.0,093,0101,3.0,0124,30.0,0142,0152,2.0,0174,1,0191,0201,2
013,9,032,043,745.0,061,073,3.0,092,0101,2.0,0121,28.0,0143,0152,1.0,0172,1,0191,0201,2
012,6,032,043,2063.0,061,072,4.0,094,0101,3.0,0123,30.0,0143,0151,1.0,0174,1,0192,0201,1
012,60,032,046,6288.0,061,073,4.0,093,0101,4.0,0124,42.0,0143,0153,1.0,0173,1,0191,0201,2
014,24,034,041,6842.0,065,073,2.0,093,0101,4.0,0122,46.0,0143,0152,2.0,0174,2,0192,0201,1
014,12,032,040,3527.0,065,072,2.0,093,0101,3.0,0122,45.0,0143,0152,1.0,0174,2,0192,0201,1
014,10,032,040,1546.0,061,073,3.0,093,0101,2.0,0121,31.0,0143,0152,1.0,0172,2,0191,0202,1
014,24,032,042,929.0,065,074,4.0,093,0101,2.0,0123,31.0,0142,0152,1.0,0173,1,0192,0201,1
014,4,034,040,1455.0,061,074,2.0,093,0101,1.0,0121,42.0,0143,0152,3.0,0172,2,0191,0201,1
011,15,032,042,1845.0,061,072,4.0,092,0103,1.0,0122,46.0,0143,0151,1.0,0173,1,0191,0201,1
012,48,030,040,8358.0,063,072,1.0,092,0101,1.0,0123,30.0,0143,0152,2.0,0173,1,0191,0201,1
011,24,031,042,3349.0,063,072,4.0,093,0101,4.0,0124,30.0,0143,0153,1.0,0173,2,0192,0201,2
014,12,032,040,2859.0,065,071,4.0,093,0101,4.0,0124,38.0,0143,0152,1.0,0174,1,0192,0201,1
014,18,032,042,1533.0,061,072,4.0,094,0102,1.0,0122,43.0,0143,0152,1.0,0172,2,0191,0201,2
014,24,032,043,3621.0,062,075,2.0,093,0101,4.0,0123,31.0,0143,0152,2.0,0173,1,0191,0201,2
012,18,034,049,3590.0,061,071,3.0,094,0101,3.0,0123,40.0,0143,0152,3.0,0171,2,0192,0201,1
011,36,033,049,2145.0,061,074,2.0,093,0101,1.0,0123,24.0,0143,0152,2.0,0173,1,0192,0201,2
012,24,032,041,4113.0,063,072,3.0,092,0101,4.0,0123,28.0,0143,0151,1.0,0173,1,0191,0201,2
014,36,032,042,10974.0,061,071,4.0,092,0101,2.0,0123,26.0,0143,0152,2.0,0174,1,0192,0201,2
011,12,032,040,1893.0,061,073,4.0,092,0103,4.0,0122,29.0,0143,0152,1.0,0173,1,0192,0201,1
011,24,034,043,1231.0,064,075,4.0,092,0101,4.0,0122,57.0,0143,0151,2.0,0174,1,0192,0201,1
013,30,034,043,3656.0,065,075,4.0,093,0101,4.0,0122,49.0,0142,0152,2.0,0172,1,0191,0201,1
012,9,034,043,1154.0,061,075,2.0,093,0101,4.0,0121,37.0,0143,0152,3.0,0172,1,0191,0201,1
011,28,032,040,4006.0,061,073,3.0,093,0101,2.0,0123,45.0,0143,0152,1.0,0172,1,0191,0201,2
012,24,032,042,3069.0,062,075,4.0,093,0101,4.0,0124,30.0,0143,0153,1.0,0173,1,0191,0201,1
014,6,034,043,1740.0,061,075,2.0,094,0101,2.0,0121,30.0,0143,0151,2.0,0173,1,0191,0201,1
012,21,033,040,2353.0,061,073,1.0,091,0101,4.0,0122,47.0,0143,0152,2.0,0173,1,0191,0201,1
014,15,032,040,3556.0,065,073,3.0,093,0101,2.0,0124,29.0,0143,0152,1.0,0173,1,0191,0201,1
014,24,032,043,2397.0,063,075,3.0,093,0101,2.0,0123,35.0,0141,0152,2.0,0173,1,0192,0201,2
012,6,032,045,454.0,061,072,3.0,094,0101,1.0,0122,22.0,0143,0152,1.0,0172,1,0191,0201,1
012,30,032,043,1715.0,065,073,4.0,092,0101,1.0,0123,26.0,0143,0152,1.0,0173,1,0191,0201,1
012,27,034,043,2520.0,063,073,4.0,093,0101,2.0,0122,23.0,0143,0152,2.0,0172,1,0191,0201,2
014,15,032,043,3568.0,061,075,4.0,092,0101,2.0,0123,54.0,0141,0151,1.0,0174,1,0192,0201,1
014,42,032,043,7166.0,065,074,2.0,094,0101,4.0,0122,29.0,0143,0151,1.0,0173,1,0192,0201,1
011,11,034,040,3939.0,061,073,1.0,093,0101,2.0,0121,40.0,0143,0152,2.0,0172,2,0191,0201,1
012,15,032,045,1514.0,062,073,4.0,093,0103,2.0,0121,22.0,0143,0152,1.0,0173,1,0191,0201,1
014,24,032,040,7393.0,061,073,1.0,093,0101,4.0,0122,43.0,0143,0152,1.0,0172,2,0191,0201,1
011,24,031,040,1193.0,061,071,1.0,092,0102,4.0,0124,29.0,0143,0151,2.0,0171,1,0191,0201,2
011,60,032,049,7297.0,061,075,4.0,093,0102,4.0,0124,36.0,0143,0151,1.0,0173,1,0191,0201,2
014,30,034,043,2831.0,061,073,4.0,092,0101,2.0,0123,33.0,0143,0152,1.0,0173,1,0192,0201,1
013,24,032,043,1258.0,063,073,3.0,092,0101,3.0,0123,57.0,0143,0152,1.0,0172,1,0191,0201,1
012,6,032,043,753.0,061,073,2.0,092,0103,3.0,0121,64.0,0143,0152,1.0,0173,1,0191,0201,1
012,18,033,049,2427.0,065,075,4.0,093,0101,2.0,0122,42.0,0143,0152,2.0,0173,1,0191,0201,1
014,24,033,040,2538.0,061,075,4.0,093,0101,4.0,0123,47.0,0143,0152,2.0,0172,2,0191,0201,2
012,15,031,040,1264.0,062,073,2.0,094,0101,2.0,0122,25.0,0143,0151,1.0,0173,1,0191,0201,2
012,30,034,042,8386.0,061,074,2.0,093,0101,2.0,0122,49.0,0143,0152,1.0,0173,1,0191,0201,2
014,48,032,049,4844.0,061,071,3.0,093,0101,2.0,0123,33.0,0141,0151,1.0,0174,1,0192,0201,2
013,21,032,040,2923.0,062,073,1.0,092,0101,1.0,0123,28.0,0141,0152,1.0,0174,1,0192,0201,1
011,36,032,041,8229.0,061,073,2.0,093,0101,2.0,0122,26.0,0143,0152,1.0,0173,2,0191,0201,2
014,24,034,042,2028.0,061,074,2.0,093,0101,2.0,0122,30.0,0143,0152,2.0,0172,1,0191,0201,1
011,15,034,042,1433.0,061,073,4.0,092,0101,3.0,0122,25.0,0143,0151,2.0,0173,1,0191,0201,1
013,42,030,049,6289.0,061,072,2.0,091,0101,1.0,0122,33.0,0143,0152,2.0,0173,1,0191,0201,1
014,13,032,043,1409.0,062,071,2.0,092,0101,4.0,0121,64.0,0143,0152,1.0,0173,1,0191,0201,1
011,24,032,041,6579.0,061,071,4.0,093,0101,2.0,0124,29.0,0143,0153,1.0,0174,1,0192,0201,1
012,24,034,043,1743.0,061,075,4.0,093,0101,2.0,0122,48.0,0143,0152,2.0,0172,1,0191,0201,1
014,12,034,046,3565.0,065,072,2.0,093,0101,1.0,0122,37.0,0143,0152,2.0,0172,2,0191,0201,1
014,15,031,043,1569.0,062,075,4.0,093,0101,4.0,0123,34.0,0141,0152,1.0,0172,2,0191,0201,1
011,18,032,043,1936.0,065,074,2.0,094,0101,4.0,0123,23.0,0143,0151,2.0,0172,1,0191,0201,1
011,36,032,042,3959.0,061,071,4.0,093,0101,3.0,0122,30.0,0143,0152,1.0,0174,1,0192,0201,1
014,12,032,040,2390.0,065,075,4.0,093,0101,3.0,0123,50.0,0143,0152,1.0,0173,1,0192,0201,1
014,12,032,042,1736.0,061,074,3.0,092,0101,4.0,0121,31.0,0143,0152,1.0,0172,1,0191,0201,1
011,30,032,041,3857.0,061,073,4.0,091,0101,4.0,0122,40.0,0143,0152,1.0,0174,1,0192,0201,1
014,12,032,043,804.0,061,075,4.0,093,0101,4.0,0123,38.0,0143,0152,1.0,0173,1,0191,0201,1
011,45,032,043,1845.0,061,073,4.0,093,0101,4.0,0124,23.0,0143,0153,1.0,0173,1,0192,0201,2
012,45,034,041,4576.0,062,071,3.0,093,0101,4.0,0123,27.0,0143,0152,1.0,0173,1,0191,0201,1
